ISO-10303-21;
HEADER;
FILE_DESCRIPTION(('Open CASCADE Model'),'2;1');
FILE_NAME('Open CASCADE Shape Model','2026-08-29T19:38:39',('Author'),(
    'Open CASCADE'),'Open CASCADE STEP processor 7.9','build123d',
  'Unknown');
FILE_SCHEMA(('AUTOMOTIVE_DESIGN { 1 0 10303 214 1 1 1 1 }'));
ENDSEC;
DATA;
#1 = APPLICATION_PROTOCOL_DEFINITION('international standard',
  'automotive_design',2000,#2);
#2 = APPLICATION_CONTEXT(
  'core data for automotive mechanical design processes');
#3 = SHAPE_DEFINITION_REPRESENTATION(#4,#10);
#4 = PRODUCT_DEFINITION_SHAPE('','',#5);
#5 = PRODUCT_DEFINITION('design','',#6,#9);
#6 = PRODUCT_DEFINITION_FORMATION('','',#7);
#7 = PRODUCT('COMPOUND','COMPOUND','',(#8));
#8 = PRODUCT_CONTEXT('',#2,'mechanical');
#9 = PRODUCT_DEFINITION_CONTEXT('part definition',#2,'design');
#10 = ADVANCED_BREP_SHAPE_REPRESENTATION('',(#11,#15),#2887);
#11 = AXIS2_PLACEMENT_3D('',#12,#13,#14);
#12 = CARTESIAN_POINT('',(0.,0.,0.));
#13 = DIRECTION('',(0.,0.,1.));
#14 = DIRECTION('',(1.,0.,-0.));
#15 = MANIFOLD_SOLID_BREP('',#16);
#16 = CLOSED_SHELL('',(#17,#349,#655,#705,#759,#1096,#1165,#1212,#1259,
    #1284,#1353,#1400,#1447,#1472,#1534,#1561,#1588,#1615,#1834,#1940,
    #2161,#2210,#2249,#2318,#2365,#2412,#2437,#2506,#2553,#2600,#2625,
    #2652,#2699,#2726,#2753,#2760,#2807,#2834,#2861,#2868));
#17 = ADVANCED_FACE('',(#18,#137,#243),#32,.F.);
#18 = FACE_BOUND('',#19,.F.);
#19 = EDGE_LOOP('',(#20,#55,#83,#111));
#20 = ORIENTED_EDGE('',*,*,#21,.F.);
#21 = EDGE_CURVE('',#22,#24,#26,.T.);
#22 = VERTEX_POINT('',#23);
#23 = CARTESIAN_POINT('',(-52.5,-73.5,44.5));
#24 = VERTEX_POINT('',#25);
#25 = CARTESIAN_POINT('',(-52.5,73.5,44.5));
#26 = SURFACE_CURVE('',#27,(#31,#43),.PCURVE_S1.);
#27 = LINE('',#28,#29);
#28 = CARTESIAN_POINT('',(-52.5,-77.5,44.5));
#29 = VECTOR('',#30,1.);
#30 = DIRECTION('',(-0.,1.,0.));
#31 = PCURVE('',#32,#37);
#32 = PLANE('',#33);
#33 = AXIS2_PLACEMENT_3D('',#34,#35,#36);
#34 = CARTESIAN_POINT('',(-52.5,-77.5,0.));
#35 = DIRECTION('',(1.,0.,-0.));
#36 = DIRECTION('',(0.,0.,1.));
#37 = DEFINITIONAL_REPRESENTATION('',(#38),#42);
#38 = LINE('',#39,#40);
#39 = CARTESIAN_POINT('',(44.5,0.));
#40 = VECTOR('',#41,1.);
#41 = DIRECTION('',(0.,-1.));
#42 = ( GEOMETRIC_REPRESENTATION_CONTEXT(2) 
PARAMETRIC_REPRESENTATION_CONTEXT() REPRESENTATION_CONTEXT('2D SPACE',''
  ) );
#43 = PCURVE('',#44,#49);
#44 = PLANE('',#45);
#45 = AXIS2_PLACEMENT_3D('',#46,#47,#48);
#46 = CARTESIAN_POINT('',(-52.5,-77.5,44.5));
#47 = DIRECTION('',(0.,0.,1.));
#48 = DIRECTION('',(1.,0.,-0.));
#49 = DEFINITIONAL_REPRESENTATION('',(#50),#54);
#50 = LINE('',#51,#52);
#51 = CARTESIAN_POINT('',(0.,0.));
#52 = VECTOR('',#53,1.);
#53 = DIRECTION('',(0.,1.));
#54 = ( GEOMETRIC_REPRESENTATION_CONTEXT(2) 
PARAMETRIC_REPRESENTATION_CONTEXT() REPRESENTATION_CONTEXT('2D SPACE',''
  ) );
#55 = ORIENTED_EDGE('',*,*,#56,.F.);
#56 = EDGE_CURVE('',#57,#22,#59,.T.);
#57 = VERTEX_POINT('',#58);
#58 = CARTESIAN_POINT('',(-52.5,-73.5,0.));
#59 = SURFACE_CURVE('',#60,(#64,#71),.PCURVE_S1.);
#60 = LINE('',#61,#62);
#61 = CARTESIAN_POINT('',(-52.5,-73.5,0.));
#62 = VECTOR('',#63,1.);
#63 = DIRECTION('',(0.,0.,1.));
#64 = PCURVE('',#32,#65);
#65 = DEFINITIONAL_REPRESENTATION('',(#66),#70);
#66 = LINE('',#67,#68);
#67 = CARTESIAN_POINT('',(0.,-4.));
#68 = VECTOR('',#69,1.);
#69 = DIRECTION('',(1.,0.));
#70 = ( GEOMETRIC_REPRESENTATION_CONTEXT(2) 
PARAMETRIC_REPRESENTATION_CONTEXT() REPRESENTATION_CONTEXT('2D SPACE',''
  ) );
#71 = PCURVE('',#72,#77);
#72 = CYLINDRICAL_SURFACE('',#73,4.);
#73 = AXIS2_PLACEMENT_3D('',#74,#75,#76);
#74 = CARTESIAN_POINT('',(-48.5,-73.5,0.));
#75 = DIRECTION('',(0.,0.,1.));
#76 = DIRECTION('',(-1.,-0.,0.));
#77 = DEFINITIONAL_REPRESENTATION('',(#78),#82);
#78 = LINE('',#79,#80);
#79 = CARTESIAN_POINT('',(0.,0.));
#80 = VECTOR('',#81,1.);
#81 = DIRECTION('',(0.,1.));
#82 = ( GEOMETRIC_REPRESENTATION_CONTEXT(2) 
PARAMETRIC_REPRESENTATION_CONTEXT() REPRESENTATION_CONTEXT('2D SPACE',''
  ) );
#83 = ORIENTED_EDGE('',*,*,#84,.T.);
#84 = EDGE_CURVE('',#57,#85,#87,.T.);
#85 = VERTEX_POINT('',#86);
#86 = CARTESIAN_POINT('',(-52.5,73.5,0.));
#87 = SURFACE_CURVE('',#88,(#92,#99),.PCURVE_S1.);
#88 = LINE('',#89,#90);
#89 = CARTESIAN_POINT('',(-52.5,-77.5,0.));
#90 = VECTOR('',#91,1.);
#91 = DIRECTION('',(-0.,1.,0.));
#92 = PCURVE('',#32,#93);
#93 = DEFINITIONAL_REPRESENTATION('',(#94),#98);
#94 = LINE('',#95,#96);
#95 = CARTESIAN_POINT('',(0.,0.));
#96 = VECTOR('',#97,1.);
#97 = DIRECTION('',(0.,-1.));
#98 = ( GEOMETRIC_REPRESENTATION_CONTEXT(2) 
PARAMETRIC_REPRESENTATION_CONTEXT() REPRESENTATION_CONTEXT('2D SPACE',''
  ) );
#99 = PCURVE('',#100,#105);
#100 = PLANE('',#101);
#101 = AXIS2_PLACEMENT_3D('',#102,#103,#104);
#102 = CARTESIAN_POINT('',(-52.5,-77.5,0.));
#103 = DIRECTION('',(0.,0.,1.));
#104 = DIRECTION('',(1.,0.,-0.));
#105 = DEFINITIONAL_REPRESENTATION('',(#106),#110);
#106 = LINE('',#107,#108);
#107 = CARTESIAN_POINT('',(0.,0.));
#108 = VECTOR('',#109,1.);
#109 = DIRECTION('',(0.,1.));
#110 = ( GEOMETRIC_REPRESENTATION_CONTEXT(2) 
PARAMETRIC_REPRESENTATION_CONTEXT() REPRESENTATION_CONTEXT('2D SPACE',''
  ) );
#111 = ORIENTED_EDGE('',*,*,#112,.T.);
#112 = EDGE_CURVE('',#85,#24,#113,.T.);
#113 = SURFACE_CURVE('',#114,(#118,#125),.PCURVE_S1.);
#114 = LINE('',#115,#116);
#115 = CARTESIAN_POINT('',(-52.5,73.5,0.));
#116 = VECTOR('',#117,1.);
#117 = DIRECTION('',(0.,0.,1.));
#118 = PCURVE('',#32,#119);
#119 = DEFINITIONAL_REPRESENTATION('',(#120),#124);
#120 = LINE('',#121,#122);
#121 = CARTESIAN_POINT('',(0.,-151.));
#122 = VECTOR('',#123,1.);
#123 = DIRECTION('',(1.,0.));
#124 = ( GEOMETRIC_REPRESENTATION_CONTEXT(2) 
PARAMETRIC_REPRESENTATION_CONTEXT() REPRESENTATION_CONTEXT('2D SPACE',''
  ) );
#125 = PCURVE('',#126,#131);
#126 = CYLINDRICAL_SURFACE('',#127,4.);
#127 = AXIS2_PLACEMENT_3D('',#128,#129,#130);
#128 = CARTESIAN_POINT('',(-48.5,73.5,0.));
#129 = DIRECTION('',(0.,0.,1.));
#130 = DIRECTION('',(-1.,-0.,0.));
#131 = DEFINITIONAL_REPRESENTATION('',(#132),#136);
#132 = LINE('',#133,#134);
#133 = CARTESIAN_POINT('',(-0.,0.));
#134 = VECTOR('',#135,1.);
#135 = DIRECTION('',(-0.,1.));
#136 = ( GEOMETRIC_REPRESENTATION_CONTEXT(2) 
PARAMETRIC_REPRESENTATION_CONTEXT() REPRESENTATION_CONTEXT('2D SPACE',''
  ) );
#137 = FACE_BOUND('',#138,.F.);
#138 = EDGE_LOOP('',(#139,#167,#193,#219));
#139 = ORIENTED_EDGE('',*,*,#140,.F.);
#140 = EDGE_CURVE('',#141,#143,#145,.T.);
#141 = VERTEX_POINT('',#142);
#142 = CARTESIAN_POINT('',(-52.5,43.,41.1));
#143 = VERTEX_POINT('',#144);
#144 = CARTESIAN_POINT('',(-52.5,43.,37.9));
#145 = SURFACE_CURVE('',#146,(#150,#156),.PCURVE_S1.);
#146 = LINE('',#147,#148);
#147 = CARTESIAN_POINT('',(-52.5,43.,18.95));
#148 = VECTOR('',#149,1.);
#149 = DIRECTION('',(0.,-0.,-1.));
#150 = PCURVE('',#32,#151);
#151 = DEFINITIONAL_REPRESENTATION('',(#152),#155);
#152 = B_SPLINE_CURVE_WITH_KNOTS('',1,(#153,#154),.UNSPECIFIED.,.F.,.F.,
  (2,2),(-22.15,-18.95),.PIECEWISE_BEZIER_KNOTS.);
#153 = CARTESIAN_POINT('',(41.1,-120.5));
#154 = CARTESIAN_POINT('',(37.9,-120.5));
#155 = ( GEOMETRIC_REPRESENTATION_CONTEXT(2) 
PARAMETRIC_REPRESENTATION_CONTEXT() REPRESENTATION_CONTEXT('2D SPACE',''
  ) );
#156 = PCURVE('',#157,#162);
#157 = PLANE('',#158);
#158 = AXIS2_PLACEMENT_3D('',#159,#160,#161);
#159 = CARTESIAN_POINT('',(-48.,43.,37.9));
#160 = DIRECTION('',(-0.,1.,-0.));
#161 = DIRECTION('',(0.,0.,-1.));
#162 = DEFINITIONAL_REPRESENTATION('',(#163),#166);
#163 = B_SPLINE_CURVE_WITH_KNOTS('',1,(#164,#165),.UNSPECIFIED.,.F.,.F.,
  (2,2),(-22.15,-18.95),.PIECEWISE_BEZIER_KNOTS.);
#164 = CARTESIAN_POINT('',(-3.2,4.5));
#165 = CARTESIAN_POINT('',(0.,4.5));
#166 = ( GEOMETRIC_REPRESENTATION_CONTEXT(2) 
PARAMETRIC_REPRESENTATION_CONTEXT() REPRESENTATION_CONTEXT('2D SPACE',''
  ) );
#167 = ORIENTED_EDGE('',*,*,#168,.T.);
#168 = EDGE_CURVE('',#141,#169,#171,.T.);
#169 = VERTEX_POINT('',#170);
#170 = CARTESIAN_POINT('',(-52.5,57.,41.1));
#171 = SURFACE_CURVE('',#172,(#176,#182),.PCURVE_S1.);
#172 = LINE('',#173,#174);
#173 = CARTESIAN_POINT('',(-52.5,-17.25,41.1));
#174 = VECTOR('',#175,1.);
#175 = DIRECTION('',(0.,1.,0.));
#176 = PCURVE('',#32,#177);
#177 = DEFINITIONAL_REPRESENTATION('',(#178),#181);
#178 = B_SPLINE_CURVE_WITH_KNOTS('',1,(#179,#180),.UNSPECIFIED.,.F.,.F.,
  (2,2),(60.25,74.25),.PIECEWISE_BEZIER_KNOTS.);
#179 = CARTESIAN_POINT('',(41.1,-120.5));
#180 = CARTESIAN_POINT('',(41.1,-134.5));
#181 = ( GEOMETRIC_REPRESENTATION_CONTEXT(2) 
PARAMETRIC_REPRESENTATION_CONTEXT() REPRESENTATION_CONTEXT('2D SPACE',''
  ) );
#182 = PCURVE('',#183,#188);
#183 = PLANE('',#184);
#184 = AXIS2_PLACEMENT_3D('',#185,#186,#187);
#185 = CARTESIAN_POINT('',(-48.,43.,41.1));
#186 = DIRECTION('',(-0.,-0.,1.));
#187 = DIRECTION('',(1.,0.,0.));
#188 = DEFINITIONAL_REPRESENTATION('',(#189),#192);
#189 = B_SPLINE_CURVE_WITH_KNOTS('',1,(#190,#191),.UNSPECIFIED.,.F.,.F.,
  (2,2),(60.25,74.25),.PIECEWISE_BEZIER_KNOTS.);
#190 = CARTESIAN_POINT('',(-4.5,0.));
#191 = CARTESIAN_POINT('',(-4.5,14.));
#192 = ( GEOMETRIC_REPRESENTATION_CONTEXT(2) 
PARAMETRIC_REPRESENTATION_CONTEXT() REPRESENTATION_CONTEXT('2D SPACE',''
  ) );
#193 = ORIENTED_EDGE('',*,*,#194,.T.);
#194 = EDGE_CURVE('',#169,#195,#197,.T.);
#195 = VERTEX_POINT('',#196);
#196 = CARTESIAN_POINT('',(-52.5,57.,37.9));
#197 = SURFACE_CURVE('',#198,(#202,#208),.PCURVE_S1.);
#198 = LINE('',#199,#200);
#199 = CARTESIAN_POINT('',(-52.5,57.,18.95));
#200 = VECTOR('',#201,1.);
#201 = DIRECTION('',(0.,-0.,-1.));
#202 = PCURVE('',#32,#203);
#203 = DEFINITIONAL_REPRESENTATION('',(#204),#207);
#204 = B_SPLINE_CURVE_WITH_KNOTS('',1,(#205,#206),.UNSPECIFIED.,.F.,.F.,
  (2,2),(-22.15,-18.95),.PIECEWISE_BEZIER_KNOTS.);
#205 = CARTESIAN_POINT('',(41.1,-134.5));
#206 = CARTESIAN_POINT('',(37.9,-134.5));
#207 = ( GEOMETRIC_REPRESENTATION_CONTEXT(2) 
PARAMETRIC_REPRESENTATION_CONTEXT() REPRESENTATION_CONTEXT('2D SPACE',''
  ) );
#208 = PCURVE('',#209,#214);
#209 = PLANE('',#210);
#210 = AXIS2_PLACEMENT_3D('',#211,#212,#213);
#211 = CARTESIAN_POINT('',(-48.,57.,37.9));
#212 = DIRECTION('',(-0.,1.,-0.));
#213 = DIRECTION('',(0.,0.,-1.));
#214 = DEFINITIONAL_REPRESENTATION('',(#215),#218);
#215 = B_SPLINE_CURVE_WITH_KNOTS('',1,(#216,#217),.UNSPECIFIED.,.F.,.F.,
  (2,2),(-22.15,-18.95),.PIECEWISE_BEZIER_KNOTS.);
#216 = CARTESIAN_POINT('',(-3.2,4.5));
#217 = CARTESIAN_POINT('',(0.,4.5));
#218 = ( GEOMETRIC_REPRESENTATION_CONTEXT(2) 
PARAMETRIC_REPRESENTATION_CONTEXT() REPRESENTATION_CONTEXT('2D SPACE',''
  ) );
#219 = ORIENTED_EDGE('',*,*,#220,.F.);
#220 = EDGE_CURVE('',#143,#195,#221,.T.);
#221 = SURFACE_CURVE('',#222,(#226,#232),.PCURVE_S1.);
#222 = LINE('',#223,#224);
#223 = CARTESIAN_POINT('',(-52.5,-17.25,37.9));
#224 = VECTOR('',#225,1.);
#225 = DIRECTION('',(0.,1.,0.));
#226 = PCURVE('',#32,#227);
#227 = DEFINITIONAL_REPRESENTATION('',(#228),#231);
#228 = B_SPLINE_CURVE_WITH_KNOTS('',1,(#229,#230),.UNSPECIFIED.,.F.,.F.,
  (2,2),(60.25,74.25),.PIECEWISE_BEZIER_KNOTS.);
#229 = CARTESIAN_POINT('',(37.9,-120.5));
#230 = CARTESIAN_POINT('',(37.9,-134.5));
#231 = ( GEOMETRIC_REPRESENTATION_CONTEXT(2) 
PARAMETRIC_REPRESENTATION_CONTEXT() REPRESENTATION_CONTEXT('2D SPACE',''
  ) );
#232 = PCURVE('',#233,#238);
#233 = PLANE('',#234);
#234 = AXIS2_PLACEMENT_3D('',#235,#236,#237);
#235 = CARTESIAN_POINT('',(-48.,43.,37.9));
#236 = DIRECTION('',(-0.,-0.,1.));
#237 = DIRECTION('',(1.,0.,0.));
#238 = DEFINITIONAL_REPRESENTATION('',(#239),#242);
#239 = B_SPLINE_CURVE_WITH_KNOTS('',1,(#240,#241),.UNSPECIFIED.,.F.,.F.,
  (2,2),(60.25,74.25),.PIECEWISE_BEZIER_KNOTS.);
#240 = CARTESIAN_POINT('',(-4.5,0.));
#241 = CARTESIAN_POINT('',(-4.5,14.));
#242 = ( GEOMETRIC_REPRESENTATION_CONTEXT(2) 
PARAMETRIC_REPRESENTATION_CONTEXT() REPRESENTATION_CONTEXT('2D SPACE',''
  ) );
#243 = FACE_BOUND('',#244,.F.);
#244 = EDGE_LOOP('',(#245,#273,#299,#325));
#245 = ORIENTED_EDGE('',*,*,#246,.F.);
#246 = EDGE_CURVE('',#247,#249,#251,.T.);
#247 = VERTEX_POINT('',#248);
#248 = CARTESIAN_POINT('',(-52.5,-57.,41.1));
#249 = VERTEX_POINT('',#250);
#250 = CARTESIAN_POINT('',(-52.5,-57.,37.9));
#251 = SURFACE_CURVE('',#252,(#256,#262),.PCURVE_S1.);
#252 = LINE('',#253,#254);
#253 = CARTESIAN_POINT('',(-52.5,-57.,18.95));
#254 = VECTOR('',#255,1.);
#255 = DIRECTION('',(0.,-0.,-1.));
#256 = PCURVE('',#32,#257);
#257 = DEFINITIONAL_REPRESENTATION('',(#258),#261);
#258 = B_SPLINE_CURVE_WITH_KNOTS('',1,(#259,#260),.UNSPECIFIED.,.F.,.F.,
  (2,2),(-22.15,-18.95),.PIECEWISE_BEZIER_KNOTS.);
#259 = CARTESIAN_POINT('',(41.1,-20.5));
#260 = CARTESIAN_POINT('',(37.9,-20.5));
#261 = ( GEOMETRIC_REPRESENTATION_CONTEXT(2) 
PARAMETRIC_REPRESENTATION_CONTEXT() REPRESENTATION_CONTEXT('2D SPACE',''
  ) );
#262 = PCURVE('',#263,#268);
#263 = PLANE('',#264);
#264 = AXIS2_PLACEMENT_3D('',#265,#266,#267);
#265 = CARTESIAN_POINT('',(-48.,-57.,37.9));
#266 = DIRECTION('',(-0.,1.,-0.));
#267 = DIRECTION('',(0.,0.,-1.));
#268 = DEFINITIONAL_REPRESENTATION('',(#269),#272);
#269 = B_SPLINE_CURVE_WITH_KNOTS('',1,(#270,#271),.UNSPECIFIED.,.F.,.F.,
  (2,2),(-22.15,-18.95),.PIECEWISE_BEZIER_KNOTS.);
#270 = CARTESIAN_POINT('',(-3.2,4.5));
#271 = CARTESIAN_POINT('',(0.,4.5));
#272 = ( GEOMETRIC_REPRESENTATION_CONTEXT(2) 
PARAMETRIC_REPRESENTATION_CONTEXT() REPRESENTATION_CONTEXT('2D SPACE',''
  ) );
#273 = ORIENTED_EDGE('',*,*,#274,.T.);
#274 = EDGE_CURVE('',#247,#275,#277,.T.);
#275 = VERTEX_POINT('',#276);
#276 = CARTESIAN_POINT('',(-52.5,-43.,41.1));
#277 = SURFACE_CURVE('',#278,(#282,#288),.PCURVE_S1.);
#278 = LINE('',#279,#280);
#279 = CARTESIAN_POINT('',(-52.5,-67.25,41.1));
#280 = VECTOR('',#281,1.);
#281 = DIRECTION('',(0.,1.,0.));
#282 = PCURVE('',#32,#283);
#283 = DEFINITIONAL_REPRESENTATION('',(#284),#287);
#284 = B_SPLINE_CURVE_WITH_KNOTS('',1,(#285,#286),.UNSPECIFIED.,.F.,.F.,
  (2,2),(10.25,24.25),.PIECEWISE_BEZIER_KNOTS.);
#285 = CARTESIAN_POINT('',(41.1,-20.5));
#286 = CARTESIAN_POINT('',(41.1,-34.5));
#287 = ( GEOMETRIC_REPRESENTATION_CONTEXT(2) 
PARAMETRIC_REPRESENTATION_CONTEXT() REPRESENTATION_CONTEXT('2D SPACE',''
  ) );
#288 = PCURVE('',#289,#294);
#289 = PLANE('',#290);
#290 = AXIS2_PLACEMENT_3D('',#291,#292,#293);
#291 = CARTESIAN_POINT('',(-48.,-57.,41.1));
#292 = DIRECTION('',(-0.,-0.,1.));
#293 = DIRECTION('',(1.,0.,0.));
#294 = DEFINITIONAL_REPRESENTATION('',(#295),#298);
#295 = B_SPLINE_CURVE_WITH_KNOTS('',1,(#296,#297),.UNSPECIFIED.,.F.,.F.,
  (2,2),(10.25,24.25),.PIECEWISE_BEZIER_KNOTS.);
#296 = CARTESIAN_POINT('',(-4.5,0.));
#297 = CARTESIAN_POINT('',(-4.5,14.));
#298 = ( GEOMETRIC_REPRESENTATION_CONTEXT(2) 
PARAMETRIC_REPRESENTATION_CONTEXT() REPRESENTATION_CONTEXT('2D SPACE',''
  ) );
#299 = ORIENTED_EDGE('',*,*,#300,.T.);
#300 = EDGE_CURVE('',#275,#301,#303,.T.);
#301 = VERTEX_POINT('',#302);
#302 = CARTESIAN_POINT('',(-52.5,-43.,37.9));
#303 = SURFACE_CURVE('',#304,(#308,#314),.PCURVE_S1.);
#304 = LINE('',#305,#306);
#305 = CARTESIAN_POINT('',(-52.5,-43.,18.95));
#306 = VECTOR('',#307,1.);
#307 = DIRECTION('',(0.,-0.,-1.));
#308 = PCURVE('',#32,#309);
#309 = DEFINITIONAL_REPRESENTATION('',(#310),#313);
#310 = B_SPLINE_CURVE_WITH_KNOTS('',1,(#311,#312),.UNSPECIFIED.,.F.,.F.,
  (2,2),(-22.15,-18.95),.PIECEWISE_BEZIER_KNOTS.);
#311 = CARTESIAN_POINT('',(41.1,-34.5));
#312 = CARTESIAN_POINT('',(37.9,-34.5));
#313 = ( GEOMETRIC_REPRESENTATION_CONTEXT(2) 
PARAMETRIC_REPRESENTATION_CONTEXT() REPRESENTATION_CONTEXT('2D SPACE',''
  ) );
#314 = PCURVE('',#315,#320);
#315 = PLANE('',#316);
#316 = AXIS2_PLACEMENT_3D('',#317,#318,#319);
#317 = CARTESIAN_POINT('',(-48.,-43.,37.9));
#318 = DIRECTION('',(-0.,1.,-0.));
#319 = DIRECTION('',(0.,0.,-1.));
#320 = DEFINITIONAL_REPRESENTATION('',(#321),#324);
#321 = B_SPLINE_CURVE_WITH_KNOTS('',1,(#322,#323),.UNSPECIFIED.,.F.,.F.,
  (2,2),(-22.15,-18.95),.PIECEWISE_BEZIER_KNOTS.);
#322 = CARTESIAN_POINT('',(-3.2,4.5));
#323 = CARTESIAN_POINT('',(0.,4.5));
#324 = ( GEOMETRIC_REPRESENTATION_CONTEXT(2) 
PARAMETRIC_REPRESENTATION_CONTEXT() REPRESENTATION_CONTEXT('2D SPACE',''
  ) );
#325 = ORIENTED_EDGE('',*,*,#326,.F.);
#326 = EDGE_CURVE('',#249,#301,#327,.T.);
#327 = SURFACE_CURVE('',#328,(#332,#338),.PCURVE_S1.);
#328 = LINE('',#329,#330);
#329 = CARTESIAN_POINT('',(-52.5,-67.25,37.9));
#330 = VECTOR('',#331,1.);
#331 = DIRECTION('',(0.,1.,0.));
#332 = PCURVE('',#32,#333);
#333 = DEFINITIONAL_REPRESENTATION('',(#334),#337);
#334 = B_SPLINE_CURVE_WITH_KNOTS('',1,(#335,#336),.UNSPECIFIED.,.F.,.F.,
  (2,2),(10.25,24.25),.PIECEWISE_BEZIER_KNOTS.);
#335 = CARTESIAN_POINT('',(37.9,-20.5));
#336 = CARTESIAN_POINT('',(37.9,-34.5));
#337 = ( GEOMETRIC_REPRESENTATION_CONTEXT(2) 
PARAMETRIC_REPRESENTATION_CONTEXT() REPRESENTATION_CONTEXT('2D SPACE',''
  ) );
#338 = PCURVE('',#339,#344);
#339 = PLANE('',#340);
#340 = AXIS2_PLACEMENT_3D('',#341,#342,#343);
#341 = CARTESIAN_POINT('',(-48.,-57.,37.9));
#342 = DIRECTION('',(-0.,-0.,1.));
#343 = DIRECTION('',(1.,0.,0.));
#344 = DEFINITIONAL_REPRESENTATION('',(#345),#348);
#345 = B_SPLINE_CURVE_WITH_KNOTS('',1,(#346,#347),.UNSPECIFIED.,.F.,.F.,
  (2,2),(10.25,24.25),.PIECEWISE_BEZIER_KNOTS.);
#346 = CARTESIAN_POINT('',(-4.5,0.));
#347 = CARTESIAN_POINT('',(-4.5,14.));
#348 = ( GEOMETRIC_REPRESENTATION_CONTEXT(2) 
PARAMETRIC_REPRESENTATION_CONTEXT() REPRESENTATION_CONTEXT('2D SPACE',''
  ) );
#349 = ADVANCED_FACE('',(#350,#549),#44,.T.);
#350 = FACE_BOUND('',#351,.T.);
#351 = EDGE_LOOP('',(#352,#353,#377,#405,#434,#462,#495,#523));
#352 = ORIENTED_EDGE('',*,*,#21,.F.);
#353 = ORIENTED_EDGE('',*,*,#354,.T.);
#354 = EDGE_CURVE('',#22,#355,#357,.T.);
#355 = VERTEX_POINT('',#356);
#356 = CARTESIAN_POINT('',(-48.5,-77.5,44.5));
#357 = SURFACE_CURVE('',#358,(#363,#370),.PCURVE_S1.);
#358 = CIRCLE('',#359,4.);
#359 = AXIS2_PLACEMENT_3D('',#360,#361,#362);
#360 = CARTESIAN_POINT('',(-48.5,-73.5,44.5));
#361 = DIRECTION('',(0.,0.,1.));
#362 = DIRECTION('',(0.,-1.,0.));
#363 = PCURVE('',#44,#364);
#364 = DEFINITIONAL_REPRESENTATION('',(#365),#369);
#365 = CIRCLE('',#366,4.);
#366 = AXIS2_PLACEMENT_2D('',#367,#368);
#367 = CARTESIAN_POINT('',(4.,4.));
#368 = DIRECTION('',(0.,-1.));
#369 = ( GEOMETRIC_REPRESENTATION_CONTEXT(2) 
PARAMETRIC_REPRESENTATION_CONTEXT() REPRESENTATION_CONTEXT('2D SPACE',''
  ) );
#370 = PCURVE('',#72,#371);
#371 = DEFINITIONAL_REPRESENTATION('',(#372),#376);
#372 = LINE('',#373,#374);
#373 = CARTESIAN_POINT('',(-4.712388980385,44.5));
#374 = VECTOR('',#375,1.);
#375 = DIRECTION('',(1.,0.));
#376 = ( GEOMETRIC_REPRESENTATION_CONTEXT(2) 
PARAMETRIC_REPRESENTATION_CONTEXT() REPRESENTATION_CONTEXT('2D SPACE',''
  ) );
#377 = ORIENTED_EDGE('',*,*,#378,.T.);
#378 = EDGE_CURVE('',#355,#379,#381,.T.);
#379 = VERTEX_POINT('',#380);
#380 = CARTESIAN_POINT('',(48.5,-77.5,44.5));
#381 = SURFACE_CURVE('',#382,(#386,#393),.PCURVE_S1.);
#382 = LINE('',#383,#384);
#383 = CARTESIAN_POINT('',(-52.5,-77.5,44.5));
#384 = VECTOR('',#385,1.);
#385 = DIRECTION('',(1.,0.,-0.));
#386 = PCURVE('',#44,#387);
#387 = DEFINITIONAL_REPRESENTATION('',(#388),#392);
#388 = LINE('',#389,#390);
#389 = CARTESIAN_POINT('',(0.,0.));
#390 = VECTOR('',#391,1.);
#391 = DIRECTION('',(1.,0.));
#392 = ( GEOMETRIC_REPRESENTATION_CONTEXT(2) 
PARAMETRIC_REPRESENTATION_CONTEXT() REPRESENTATION_CONTEXT('2D SPACE',''
  ) );
#393 = PCURVE('',#394,#399);
#394 = PLANE('',#395);
#395 = AXIS2_PLACEMENT_3D('',#396,#397,#398);
#396 = CARTESIAN_POINT('',(-52.5,-77.5,0.));
#397 = DIRECTION('',(-0.,1.,0.));
#398 = DIRECTION('',(0.,0.,1.));
#399 = DEFINITIONAL_REPRESENTATION('',(#400),#404);
#400 = LINE('',#401,#402);
#401 = CARTESIAN_POINT('',(44.5,0.));
#402 = VECTOR('',#403,1.);
#403 = DIRECTION('',(0.,1.));
#404 = ( GEOMETRIC_REPRESENTATION_CONTEXT(2) 
PARAMETRIC_REPRESENTATION_CONTEXT() REPRESENTATION_CONTEXT('2D SPACE',''
  ) );
#405 = ORIENTED_EDGE('',*,*,#406,.T.);
#406 = EDGE_CURVE('',#379,#407,#409,.T.);
#407 = VERTEX_POINT('',#408);
#408 = CARTESIAN_POINT('',(52.5,-73.5,44.5));
#409 = SURFACE_CURVE('',#410,(#415,#422),.PCURVE_S1.);
#410 = CIRCLE('',#411,4.);
#411 = AXIS2_PLACEMENT_3D('',#412,#413,#414);
#412 = CARTESIAN_POINT('',(48.5,-73.5,44.5));
#413 = DIRECTION('',(0.,0.,1.));
#414 = DIRECTION('',(0.,-1.,0.));
#415 = PCURVE('',#44,#416);
#416 = DEFINITIONAL_REPRESENTATION('',(#417),#421);
#417 = CIRCLE('',#418,4.);
#418 = AXIS2_PLACEMENT_2D('',#419,#420);
#419 = CARTESIAN_POINT('',(101.,4.));
#420 = DIRECTION('',(0.,-1.));
#421 = ( GEOMETRIC_REPRESENTATION_CONTEXT(2) 
PARAMETRIC_REPRESENTATION_CONTEXT() REPRESENTATION_CONTEXT('2D SPACE',''
  ) );
#422 = PCURVE('',#423,#428);
#423 = CYLINDRICAL_SURFACE('',#424,4.);
#424 = AXIS2_PLACEMENT_3D('',#425,#426,#427);
#425 = CARTESIAN_POINT('',(48.5,-73.5,0.));
#426 = DIRECTION('',(0.,0.,1.));
#427 = DIRECTION('',(0.,-1.,0.));
#428 = DEFINITIONAL_REPRESENTATION('',(#429),#433);
#429 = LINE('',#430,#431);
#430 = CARTESIAN_POINT('',(0.,44.5));
#431 = VECTOR('',#432,1.);
#432 = DIRECTION('',(1.,0.));
#433 = ( GEOMETRIC_REPRESENTATION_CONTEXT(2) 
PARAMETRIC_REPRESENTATION_CONTEXT() REPRESENTATION_CONTEXT('2D SPACE',''
  ) );
#434 = ORIENTED_EDGE('',*,*,#435,.T.);
#435 = EDGE_CURVE('',#407,#436,#438,.T.);
#436 = VERTEX_POINT('',#437);
#437 = CARTESIAN_POINT('',(52.5,73.5,44.5));
#438 = SURFACE_CURVE('',#439,(#443,#450),.PCURVE_S1.);
#439 = LINE('',#440,#441);
#440 = CARTESIAN_POINT('',(52.5,-77.5,44.5));
#441 = VECTOR('',#442,1.);
#442 = DIRECTION('',(-0.,1.,0.));
#443 = PCURVE('',#44,#444);
#444 = DEFINITIONAL_REPRESENTATION('',(#445),#449);
#445 = LINE('',#446,#447);
#446 = CARTESIAN_POINT('',(105.,0.));
#447 = VECTOR('',#448,1.);
#448 = DIRECTION('',(0.,1.));
#449 = ( GEOMETRIC_REPRESENTATION_CONTEXT(2) 
PARAMETRIC_REPRESENTATION_CONTEXT() REPRESENTATION_CONTEXT('2D SPACE',''
  ) );
#450 = PCURVE('',#451,#456);
#451 = PLANE('',#452);
#452 = AXIS2_PLACEMENT_3D('',#453,#454,#455);
#453 = CARTESIAN_POINT('',(52.5,-77.5,0.));
#454 = DIRECTION('',(1.,0.,-0.));
#455 = DIRECTION('',(0.,0.,1.));
#456 = DEFINITIONAL_REPRESENTATION('',(#457),#461);
#457 = LINE('',#458,#459);
#458 = CARTESIAN_POINT('',(44.5,0.));
#459 = VECTOR('',#460,1.);
#460 = DIRECTION('',(0.,-1.));
#461 = ( GEOMETRIC_REPRESENTATION_CONTEXT(2) 
PARAMETRIC_REPRESENTATION_CONTEXT() REPRESENTATION_CONTEXT('2D SPACE',''
  ) );
#462 = ORIENTED_EDGE('',*,*,#463,.F.);
#463 = EDGE_CURVE('',#464,#436,#466,.T.);
#464 = VERTEX_POINT('',#465);
#465 = CARTESIAN_POINT('',(48.5,77.5,44.5));
#466 = SURFACE_CURVE('',#467,(#472,#483),.PCURVE_S1.);
#467 = CIRCLE('',#468,4.);
#468 = AXIS2_PLACEMENT_3D('',#469,#470,#471);
#469 = CARTESIAN_POINT('',(48.5,73.5,44.5));
#470 = DIRECTION('',(-0.,-0.,-1.));
#471 = DIRECTION('',(0.,-1.,0.));
#472 = PCURVE('',#44,#473);
#473 = DEFINITIONAL_REPRESENTATION('',(#474),#482);
#474 = ( BOUNDED_CURVE() B_SPLINE_CURVE(2,(#475,#476,#477,#478,#479,#480
,#481),.UNSPECIFIED.,.T.,.F.) B_SPLINE_CURVE_WITH_KNOTS((1,2,2,2,2,1),(
    -2.094395102393,0.,2.094395102393,4.188790204786,6.28318530718,
8.377580409573),.UNSPECIFIED.) CURVE() GEOMETRIC_REPRESENTATION_ITEM() 
RATIONAL_B_SPLINE_CURVE((1.,0.5,1.,0.5,1.,0.5,1.)) REPRESENTATION_ITEM(
  '') );
#475 = CARTESIAN_POINT('',(101.,147.));
#476 = CARTESIAN_POINT('',(94.071796769725,147.));
#477 = CARTESIAN_POINT('',(97.535898384862,153.));
#478 = CARTESIAN_POINT('',(101.,159.));
#479 = CARTESIAN_POINT('',(104.46410161513,153.));
#480 = CARTESIAN_POINT('',(107.92820323027,147.));
#481 = CARTESIAN_POINT('',(101.,147.));
#482 = ( GEOMETRIC_REPRESENTATION_CONTEXT(2) 
PARAMETRIC_REPRESENTATION_CONTEXT() REPRESENTATION_CONTEXT('2D SPACE',''
  ) );
#483 = PCURVE('',#484,#489);
#484 = CYLINDRICAL_SURFACE('',#485,4.);
#485 = AXIS2_PLACEMENT_3D('',#486,#487,#488);
#486 = CARTESIAN_POINT('',(48.5,73.5,0.));
#487 = DIRECTION('',(0.,0.,1.));
#488 = DIRECTION('',(-0.,1.,0.));
#489 = DEFINITIONAL_REPRESENTATION('',(#490),#494);
#490 = LINE('',#491,#492);
#491 = CARTESIAN_POINT('',(3.14159265359,44.5));
#492 = VECTOR('',#493,1.);
#493 = DIRECTION('',(-1.,0.));
#494 = ( GEOMETRIC_REPRESENTATION_CONTEXT(2) 
PARAMETRIC_REPRESENTATION_CONTEXT() REPRESENTATION_CONTEXT('2D SPACE',''
  ) );
#495 = ORIENTED_EDGE('',*,*,#496,.F.);
#496 = EDGE_CURVE('',#497,#464,#499,.T.);
#497 = VERTEX_POINT('',#498);
#498 = CARTESIAN_POINT('',(-48.5,77.5,44.5));
#499 = SURFACE_CURVE('',#500,(#504,#511),.PCURVE_S1.);
#500 = LINE('',#501,#502);
#501 = CARTESIAN_POINT('',(-52.5,77.5,44.5));
#502 = VECTOR('',#503,1.);
#503 = DIRECTION('',(1.,0.,-0.));
#504 = PCURVE('',#44,#505);
#505 = DEFINITIONAL_REPRESENTATION('',(#506),#510);
#506 = LINE('',#507,#508);
#507 = CARTESIAN_POINT('',(0.,155.));
#508 = VECTOR('',#509,1.);
#509 = DIRECTION('',(1.,0.));
#510 = ( GEOMETRIC_REPRESENTATION_CONTEXT(2) 
PARAMETRIC_REPRESENTATION_CONTEXT() REPRESENTATION_CONTEXT('2D SPACE',''
  ) );
#511 = PCURVE('',#512,#517);
#512 = PLANE('',#513);
#513 = AXIS2_PLACEMENT_3D('',#514,#515,#516);
#514 = CARTESIAN_POINT('',(-52.5,77.5,0.));
#515 = DIRECTION('',(-0.,1.,0.));
#516 = DIRECTION('',(0.,0.,1.));
#517 = DEFINITIONAL_REPRESENTATION('',(#518),#522);
#518 = LINE('',#519,#520);
#519 = CARTESIAN_POINT('',(44.5,0.));
#520 = VECTOR('',#521,1.);
#521 = DIRECTION('',(0.,1.));
#522 = ( GEOMETRIC_REPRESENTATION_CONTEXT(2) 
PARAMETRIC_REPRESENTATION_CONTEXT() REPRESENTATION_CONTEXT('2D SPACE',''
  ) );
#523 = ORIENTED_EDGE('',*,*,#524,.F.);
#524 = EDGE_CURVE('',#24,#497,#525,.T.);
#525 = SURFACE_CURVE('',#526,(#531,#542),.PCURVE_S1.);
#526 = CIRCLE('',#527,4.);
#527 = AXIS2_PLACEMENT_3D('',#528,#529,#530);
#528 = CARTESIAN_POINT('',(-48.5,73.5,44.5));
#529 = DIRECTION('',(-0.,-0.,-1.));
#530 = DIRECTION('',(0.,-1.,0.));
#531 = PCURVE('',#44,#532);
#532 = DEFINITIONAL_REPRESENTATION('',(#533),#541);
#533 = ( BOUNDED_CURVE() B_SPLINE_CURVE(2,(#534,#535,#536,#537,#538,#539
,#540),.UNSPECIFIED.,.T.,.F.) B_SPLINE_CURVE_WITH_KNOTS((1,2,2,2,2,1),(
    -2.094395102393,0.,2.094395102393,4.188790204786,6.28318530718,
8.377580409573),.UNSPECIFIED.) CURVE() GEOMETRIC_REPRESENTATION_ITEM() 
RATIONAL_B_SPLINE_CURVE((1.,0.5,1.,0.5,1.,0.5,1.)) REPRESENTATION_ITEM(
  '') );
#534 = CARTESIAN_POINT('',(4.,147.));
#535 = CARTESIAN_POINT('',(-2.928203230276,147.));
#536 = CARTESIAN_POINT('',(0.535898384862,153.));
#537 = CARTESIAN_POINT('',(4.,159.));
#538 = CARTESIAN_POINT('',(7.464101615138,153.));
#539 = CARTESIAN_POINT('',(10.928203230276,147.));
#540 = CARTESIAN_POINT('',(4.,147.));
#541 = ( GEOMETRIC_REPRESENTATION_CONTEXT(2) 
PARAMETRIC_REPRESENTATION_CONTEXT() REPRESENTATION_CONTEXT('2D SPACE',''
  ) );
#542 = PCURVE('',#126,#543);
#543 = DEFINITIONAL_REPRESENTATION('',(#544),#548);
#544 = LINE('',#545,#546);
#545 = CARTESIAN_POINT('',(1.570796326795,44.5));
#546 = VECTOR('',#547,1.);
#547 = DIRECTION('',(-1.,0.));
#548 = ( GEOMETRIC_REPRESENTATION_CONTEXT(2) 
PARAMETRIC_REPRESENTATION_CONTEXT() REPRESENTATION_CONTEXT('2D SPACE',''
  ) );
#549 = FACE_BOUND('',#550,.T.);
#550 = EDGE_LOOP('',(#551,#579,#605,#631));
#551 = ORIENTED_EDGE('',*,*,#552,.T.);
#552 = EDGE_CURVE('',#553,#555,#557,.T.);
#553 = VERTEX_POINT('',#554);
#554 = CARTESIAN_POINT('',(50.,-75.,44.5));
#555 = VERTEX_POINT('',#556);
#556 = CARTESIAN_POINT('',(-50.,-75.,44.5));
#557 = SURFACE_CURVE('',#558,(#562,#568),.PCURVE_S1.);
#558 = LINE('',#559,#560);
#559 = CARTESIAN_POINT('',(-51.25,-75.,44.5));
#560 = VECTOR('',#561,1.);
#561 = DIRECTION('',(-1.,-0.,0.));
#562 = PCURVE('',#44,#563);
#563 = DEFINITIONAL_REPRESENTATION('',(#564),#567);
#564 = B_SPLINE_CURVE_WITH_KNOTS('',1,(#565,#566),.UNSPECIFIED.,.F.,.F.,
  (2,2),(-101.25,-1.25),.PIECEWISE_BEZIER_KNOTS.);
#565 = CARTESIAN_POINT('',(102.5,2.5));
#566 = CARTESIAN_POINT('',(2.5,2.5));
#567 = ( GEOMETRIC_REPRESENTATION_CONTEXT(2) 
PARAMETRIC_REPRESENTATION_CONTEXT() REPRESENTATION_CONTEXT('2D SPACE',''
  ) );
#568 = PCURVE('',#569,#574);
#569 = PLANE('',#570);
#570 = AXIS2_PLACEMENT_3D('',#571,#572,#573);
#571 = CARTESIAN_POINT('',(-50.,-75.,2.5));
#572 = DIRECTION('',(-0.,1.,0.));
#573 = DIRECTION('',(0.,0.,1.));
#574 = DEFINITIONAL_REPRESENTATION('',(#575),#578);
#575 = B_SPLINE_CURVE_WITH_KNOTS('',1,(#576,#577),.UNSPECIFIED.,.F.,.F.,
  (2,2),(-101.25,-1.25),.PIECEWISE_BEZIER_KNOTS.);
#576 = CARTESIAN_POINT('',(42.,100.));
#577 = CARTESIAN_POINT('',(42.,0.));
#578 = ( GEOMETRIC_REPRESENTATION_CONTEXT(2) 
PARAMETRIC_REPRESENTATION_CONTEXT() REPRESENTATION_CONTEXT('2D SPACE',''
  ) );
#579 = ORIENTED_EDGE('',*,*,#580,.T.);
#580 = EDGE_CURVE('',#555,#581,#583,.T.);
#581 = VERTEX_POINT('',#582);
#582 = CARTESIAN_POINT('',(-50.,75.,44.5));
#583 = SURFACE_CURVE('',#584,(#588,#594),.PCURVE_S1.);
#584 = LINE('',#585,#586);
#585 = CARTESIAN_POINT('',(-50.,-76.25,44.5));
#586 = VECTOR('',#587,1.);
#587 = DIRECTION('',(-0.,1.,0.));
#588 = PCURVE('',#44,#589);
#589 = DEFINITIONAL_REPRESENTATION('',(#590),#593);
#590 = B_SPLINE_CURVE_WITH_KNOTS('',1,(#591,#592),.UNSPECIFIED.,.F.,.F.,
  (2,2),(1.25,151.25),.PIECEWISE_BEZIER_KNOTS.);
#591 = CARTESIAN_POINT('',(2.5,2.5));
#592 = CARTESIAN_POINT('',(2.5,152.5));
#593 = ( GEOMETRIC_REPRESENTATION_CONTEXT(2) 
PARAMETRIC_REPRESENTATION_CONTEXT() REPRESENTATION_CONTEXT('2D SPACE',''
  ) );
#594 = PCURVE('',#595,#600);
#595 = PLANE('',#596);
#596 = AXIS2_PLACEMENT_3D('',#597,#598,#599);
#597 = CARTESIAN_POINT('',(-50.,-75.,2.5));
#598 = DIRECTION('',(1.,0.,-0.));
#599 = DIRECTION('',(0.,0.,1.));
#600 = DEFINITIONAL_REPRESENTATION('',(#601),#604);
#601 = B_SPLINE_CURVE_WITH_KNOTS('',1,(#602,#603),.UNSPECIFIED.,.F.,.F.,
  (2,2),(1.25,151.25),.PIECEWISE_BEZIER_KNOTS.);
#602 = CARTESIAN_POINT('',(42.,0.));
#603 = CARTESIAN_POINT('',(42.,-150.));
#604 = ( GEOMETRIC_REPRESENTATION_CONTEXT(2) 
PARAMETRIC_REPRESENTATION_CONTEXT() REPRESENTATION_CONTEXT('2D SPACE',''
  ) );
#605 = ORIENTED_EDGE('',*,*,#606,.F.);
#606 = EDGE_CURVE('',#607,#581,#609,.T.);
#607 = VERTEX_POINT('',#608);
#608 = CARTESIAN_POINT('',(50.,75.,44.5));
#609 = SURFACE_CURVE('',#610,(#614,#620),.PCURVE_S1.);
#610 = LINE('',#611,#612);
#611 = CARTESIAN_POINT('',(-51.25,75.,44.5));
#612 = VECTOR('',#613,1.);
#613 = DIRECTION('',(-1.,-0.,0.));
#614 = PCURVE('',#44,#615);
#615 = DEFINITIONAL_REPRESENTATION('',(#616),#619);
#616 = B_SPLINE_CURVE_WITH_KNOTS('',1,(#617,#618),.UNSPECIFIED.,.F.,.F.,
  (2,2),(-101.25,-1.25),.PIECEWISE_BEZIER_KNOTS.);
#617 = CARTESIAN_POINT('',(102.5,152.5));
#618 = CARTESIAN_POINT('',(2.5,152.5));
#619 = ( GEOMETRIC_REPRESENTATION_CONTEXT(2) 
PARAMETRIC_REPRESENTATION_CONTEXT() REPRESENTATION_CONTEXT('2D SPACE',''
  ) );
#620 = PCURVE('',#621,#626);
#621 = PLANE('',#622);
#622 = AXIS2_PLACEMENT_3D('',#623,#624,#625);
#623 = CARTESIAN_POINT('',(-50.,75.,2.5));
#624 = DIRECTION('',(-0.,1.,0.));
#625 = DIRECTION('',(0.,0.,1.));
#626 = DEFINITIONAL_REPRESENTATION('',(#627),#630);
#627 = B_SPLINE_CURVE_WITH_KNOTS('',1,(#628,#629),.UNSPECIFIED.,.F.,.F.,
  (2,2),(-101.25,-1.25),.PIECEWISE_BEZIER_KNOTS.);
#628 = CARTESIAN_POINT('',(42.,100.));
#629 = CARTESIAN_POINT('',(42.,0.));
#630 = ( GEOMETRIC_REPRESENTATION_CONTEXT(2) 
PARAMETRIC_REPRESENTATION_CONTEXT() REPRESENTATION_CONTEXT('2D SPACE',''
  ) );
#631 = ORIENTED_EDGE('',*,*,#632,.F.);
#632 = EDGE_CURVE('',#553,#607,#633,.T.);
#633 = SURFACE_CURVE('',#634,(#638,#644),.PCURVE_S1.);
#634 = LINE('',#635,#636);
#635 = CARTESIAN_POINT('',(50.,-76.25,44.5));
#636 = VECTOR('',#637,1.);
#637 = DIRECTION('',(-0.,1.,0.));
#638 = PCURVE('',#44,#639);
#639 = DEFINITIONAL_REPRESENTATION('',(#640),#643);
#640 = B_SPLINE_CURVE_WITH_KNOTS('',1,(#641,#642),.UNSPECIFIED.,.F.,.F.,
  (2,2),(1.25,151.25),.PIECEWISE_BEZIER_KNOTS.);
#641 = CARTESIAN_POINT('',(102.5,2.5));
#642 = CARTESIAN_POINT('',(102.5,152.5));
#643 = ( GEOMETRIC_REPRESENTATION_CONTEXT(2) 
PARAMETRIC_REPRESENTATION_CONTEXT() REPRESENTATION_CONTEXT('2D SPACE',''
  ) );
#644 = PCURVE('',#645,#650);
#645 = PLANE('',#646);
#646 = AXIS2_PLACEMENT_3D('',#647,#648,#649);
#647 = CARTESIAN_POINT('',(50.,-75.,2.5));
#648 = DIRECTION('',(1.,0.,-0.));
#649 = DIRECTION('',(0.,0.,1.));
#650 = DEFINITIONAL_REPRESENTATION('',(#651),#654);
#651 = B_SPLINE_CURVE_WITH_KNOTS('',1,(#652,#653),.UNSPECIFIED.,.F.,.F.,
  (2,2),(1.25,151.25),.PIECEWISE_BEZIER_KNOTS.);
#652 = CARTESIAN_POINT('',(42.,0.));
#653 = CARTESIAN_POINT('',(42.,-150.));
#654 = ( GEOMETRIC_REPRESENTATION_CONTEXT(2) 
PARAMETRIC_REPRESENTATION_CONTEXT() REPRESENTATION_CONTEXT('2D SPACE',''
  ) );
#655 = ADVANCED_FACE('',(#656),#72,.T.);
#656 = FACE_BOUND('',#657,.T.);
#657 = EDGE_LOOP('',(#658,#682,#703,#704));
#658 = ORIENTED_EDGE('',*,*,#659,.T.);
#659 = EDGE_CURVE('',#57,#660,#662,.T.);
#660 = VERTEX_POINT('',#661);
#661 = CARTESIAN_POINT('',(-48.5,-77.5,0.));
#662 = SURFACE_CURVE('',#663,(#668,#675),.PCURVE_S1.);
#663 = CIRCLE('',#664,4.);
#664 = AXIS2_PLACEMENT_3D('',#665,#666,#667);
#665 = CARTESIAN_POINT('',(-48.5,-73.5,0.));
#666 = DIRECTION('',(0.,0.,1.));
#667 = DIRECTION('',(0.,-1.,0.));
#668 = PCURVE('',#72,#669);
#669 = DEFINITIONAL_REPRESENTATION('',(#670),#674);
#670 = LINE('',#671,#672);
#671 = CARTESIAN_POINT('',(-4.712388980385,0.));
#672 = VECTOR('',#673,1.);
#673 = DIRECTION('',(1.,0.));
#674 = ( GEOMETRIC_REPRESENTATION_CONTEXT(2) 
PARAMETRIC_REPRESENTATION_CONTEXT() REPRESENTATION_CONTEXT('2D SPACE',''
  ) );
#675 = PCURVE('',#100,#676);
#676 = DEFINITIONAL_REPRESENTATION('',(#677),#681);
#677 = CIRCLE('',#678,4.);
#678 = AXIS2_PLACEMENT_2D('',#679,#680);
#679 = CARTESIAN_POINT('',(4.,4.));
#680 = DIRECTION('',(0.,-1.));
#681 = ( GEOMETRIC_REPRESENTATION_CONTEXT(2) 
PARAMETRIC_REPRESENTATION_CONTEXT() REPRESENTATION_CONTEXT('2D SPACE',''
  ) );
#682 = ORIENTED_EDGE('',*,*,#683,.T.);
#683 = EDGE_CURVE('',#660,#355,#684,.T.);
#684 = SURFACE_CURVE('',#685,(#689,#696),.PCURVE_S1.);
#685 = LINE('',#686,#687);
#686 = CARTESIAN_POINT('',(-48.5,-77.5,0.));
#687 = VECTOR('',#688,1.);
#688 = DIRECTION('',(0.,0.,1.));
#689 = PCURVE('',#72,#690);
#690 = DEFINITIONAL_REPRESENTATION('',(#691),#695);
#691 = LINE('',#692,#693);
#692 = CARTESIAN_POINT('',(1.570796326795,0.));
#693 = VECTOR('',#694,1.);
#694 = DIRECTION('',(0.,1.));
#695 = ( GEOMETRIC_REPRESENTATION_CONTEXT(2) 
PARAMETRIC_REPRESENTATION_CONTEXT() REPRESENTATION_CONTEXT('2D SPACE',''
  ) );
#696 = PCURVE('',#394,#697);
#697 = DEFINITIONAL_REPRESENTATION('',(#698),#702);
#698 = LINE('',#699,#700);
#699 = CARTESIAN_POINT('',(0.,4.));
#700 = VECTOR('',#701,1.);
#701 = DIRECTION('',(1.,0.));
#702 = ( GEOMETRIC_REPRESENTATION_CONTEXT(2) 
PARAMETRIC_REPRESENTATION_CONTEXT() REPRESENTATION_CONTEXT('2D SPACE',''
  ) );
#703 = ORIENTED_EDGE('',*,*,#354,.F.);
#704 = ORIENTED_EDGE('',*,*,#56,.F.);
#705 = ADVANCED_FACE('',(#706),#126,.T.);
#706 = FACE_BOUND('',#707,.F.);
#707 = EDGE_LOOP('',(#708,#736,#757,#758));
#708 = ORIENTED_EDGE('',*,*,#709,.T.);
#709 = EDGE_CURVE('',#85,#710,#712,.T.);
#710 = VERTEX_POINT('',#711);
#711 = CARTESIAN_POINT('',(-48.5,77.5,0.));
#712 = SURFACE_CURVE('',#713,(#718,#725),.PCURVE_S1.);
#713 = CIRCLE('',#714,4.);
#714 = AXIS2_PLACEMENT_3D('',#715,#716,#717);
#715 = CARTESIAN_POINT('',(-48.5,73.5,0.));
#716 = DIRECTION('',(-0.,-0.,-1.));
#717 = DIRECTION('',(0.,-1.,0.));
#718 = PCURVE('',#126,#719);
#719 = DEFINITIONAL_REPRESENTATION('',(#720),#724);
#720 = LINE('',#721,#722);
#721 = CARTESIAN_POINT('',(1.570796326795,-0.));
#722 = VECTOR('',#723,1.);
#723 = DIRECTION('',(-1.,0.));
#724 = ( GEOMETRIC_REPRESENTATION_CONTEXT(2) 
PARAMETRIC_REPRESENTATION_CONTEXT() REPRESENTATION_CONTEXT('2D SPACE',''
  ) );
#725 = PCURVE('',#100,#726);
#726 = DEFINITIONAL_REPRESENTATION('',(#727),#735);
#727 = ( BOUNDED_CURVE() B_SPLINE_CURVE(2,(#728,#729,#730,#731,#732,#733
,#734),.UNSPECIFIED.,.T.,.F.) B_SPLINE_CURVE_WITH_KNOTS((1,2,2,2,2,1),(
    -2.094395102393,0.,2.094395102393,4.188790204786,6.28318530718,
8.377580409573),.UNSPECIFIED.) CURVE() GEOMETRIC_REPRESENTATION_ITEM() 
RATIONAL_B_SPLINE_CURVE((1.,0.5,1.,0.5,1.,0.5,1.)) REPRESENTATION_ITEM(
  '') );
#728 = CARTESIAN_POINT('',(4.,147.));
#729 = CARTESIAN_POINT('',(-2.928203230276,147.));
#730 = CARTESIAN_POINT('',(0.535898384862,153.));
#731 = CARTESIAN_POINT('',(4.,159.));
#732 = CARTESIAN_POINT('',(7.464101615138,153.));
#733 = CARTESIAN_POINT('',(10.928203230276,147.));
#734 = CARTESIAN_POINT('',(4.,147.));
#735 = ( GEOMETRIC_REPRESENTATION_CONTEXT(2) 
PARAMETRIC_REPRESENTATION_CONTEXT() REPRESENTATION_CONTEXT('2D SPACE',''
  ) );
#736 = ORIENTED_EDGE('',*,*,#737,.T.);
#737 = EDGE_CURVE('',#710,#497,#738,.T.);
#738 = SURFACE_CURVE('',#739,(#743,#750),.PCURVE_S1.);
#739 = LINE('',#740,#741);
#740 = CARTESIAN_POINT('',(-48.5,77.5,0.));
#741 = VECTOR('',#742,1.);
#742 = DIRECTION('',(0.,0.,1.));
#743 = PCURVE('',#126,#744);
#744 = DEFINITIONAL_REPRESENTATION('',(#745),#749);
#745 = LINE('',#746,#747);
#746 = CARTESIAN_POINT('',(-1.570796326795,0.));
#747 = VECTOR('',#748,1.);
#748 = DIRECTION('',(-0.,1.));
#749 = ( GEOMETRIC_REPRESENTATION_CONTEXT(2) 
PARAMETRIC_REPRESENTATION_CONTEXT() REPRESENTATION_CONTEXT('2D SPACE',''
  ) );
#750 = PCURVE('',#512,#751);
#751 = DEFINITIONAL_REPRESENTATION('',(#752),#756);
#752 = LINE('',#753,#754);
#753 = CARTESIAN_POINT('',(0.,4.));
#754 = VECTOR('',#755,1.);
#755 = DIRECTION('',(1.,0.));
#756 = ( GEOMETRIC_REPRESENTATION_CONTEXT(2) 
PARAMETRIC_REPRESENTATION_CONTEXT() REPRESENTATION_CONTEXT('2D SPACE',''
  ) );
#757 = ORIENTED_EDGE('',*,*,#524,.F.);
#758 = ORIENTED_EDGE('',*,*,#112,.F.);
#759 = ADVANCED_FACE('',(#760,#884,#990),#100,.F.);
#760 = FACE_BOUND('',#761,.F.);
#761 = EDGE_LOOP('',(#762,#763,#764,#787,#811,#834,#862,#883));
#762 = ORIENTED_EDGE('',*,*,#84,.F.);
#763 = ORIENTED_EDGE('',*,*,#659,.T.);
#764 = ORIENTED_EDGE('',*,*,#765,.T.);
#765 = EDGE_CURVE('',#660,#766,#768,.T.);
#766 = VERTEX_POINT('',#767);
#767 = CARTESIAN_POINT('',(48.5,-77.5,0.));
#768 = SURFACE_CURVE('',#769,(#773,#780),.PCURVE_S1.);
#769 = LINE('',#770,#771);
#770 = CARTESIAN_POINT('',(-52.5,-77.5,0.));
#771 = VECTOR('',#772,1.);
#772 = DIRECTION('',(1.,0.,-0.));
#773 = PCURVE('',#100,#774);
#774 = DEFINITIONAL_REPRESENTATION('',(#775),#779);
#775 = LINE('',#776,#777);
#776 = CARTESIAN_POINT('',(0.,0.));
#777 = VECTOR('',#778,1.);
#778 = DIRECTION('',(1.,0.));
#779 = ( GEOMETRIC_REPRESENTATION_CONTEXT(2) 
PARAMETRIC_REPRESENTATION_CONTEXT() REPRESENTATION_CONTEXT('2D SPACE',''
  ) );
#780 = PCURVE('',#394,#781);
#781 = DEFINITIONAL_REPRESENTATION('',(#782),#786);
#782 = LINE('',#783,#784);
#783 = CARTESIAN_POINT('',(0.,0.));
#784 = VECTOR('',#785,1.);
#785 = DIRECTION('',(0.,1.));
#786 = ( GEOMETRIC_REPRESENTATION_CONTEXT(2) 
PARAMETRIC_REPRESENTATION_CONTEXT() REPRESENTATION_CONTEXT('2D SPACE',''
  ) );
#787 = ORIENTED_EDGE('',*,*,#788,.T.);
#788 = EDGE_CURVE('',#766,#789,#791,.T.);
#789 = VERTEX_POINT('',#790);
#790 = CARTESIAN_POINT('',(52.5,-73.5,0.));
#791 = SURFACE_CURVE('',#792,(#797,#804),.PCURVE_S1.);
#792 = CIRCLE('',#793,4.);
#793 = AXIS2_PLACEMENT_3D('',#794,#795,#796);
#794 = CARTESIAN_POINT('',(48.5,-73.5,0.));
#795 = DIRECTION('',(0.,0.,1.));
#796 = DIRECTION('',(0.,-1.,0.));
#797 = PCURVE('',#100,#798);
#798 = DEFINITIONAL_REPRESENTATION('',(#799),#803);
#799 = CIRCLE('',#800,4.);
#800 = AXIS2_PLACEMENT_2D('',#801,#802);
#801 = CARTESIAN_POINT('',(101.,4.));
#802 = DIRECTION('',(0.,-1.));
#803 = ( GEOMETRIC_REPRESENTATION_CONTEXT(2) 
PARAMETRIC_REPRESENTATION_CONTEXT() REPRESENTATION_CONTEXT('2D SPACE',''
  ) );
#804 = PCURVE('',#423,#805);
#805 = DEFINITIONAL_REPRESENTATION('',(#806),#810);
#806 = LINE('',#807,#808);
#807 = CARTESIAN_POINT('',(0.,0.));
#808 = VECTOR('',#809,1.);
#809 = DIRECTION('',(1.,0.));
#810 = ( GEOMETRIC_REPRESENTATION_CONTEXT(2) 
PARAMETRIC_REPRESENTATION_CONTEXT() REPRESENTATION_CONTEXT('2D SPACE',''
  ) );
#811 = ORIENTED_EDGE('',*,*,#812,.T.);
#812 = EDGE_CURVE('',#789,#813,#815,.T.);
#813 = VERTEX_POINT('',#814);
#814 = CARTESIAN_POINT('',(52.5,73.5,0.));
#815 = SURFACE_CURVE('',#816,(#820,#827),.PCURVE_S1.);
#816 = LINE('',#817,#818);
#817 = CARTESIAN_POINT('',(52.5,-77.5,0.));
#818 = VECTOR('',#819,1.);
#819 = DIRECTION('',(-0.,1.,0.));
#820 = PCURVE('',#100,#821);
#821 = DEFINITIONAL_REPRESENTATION('',(#822),#826);
#822 = LINE('',#823,#824);
#823 = CARTESIAN_POINT('',(105.,0.));
#824 = VECTOR('',#825,1.);
#825 = DIRECTION('',(0.,1.));
#826 = ( GEOMETRIC_REPRESENTATION_CONTEXT(2) 
PARAMETRIC_REPRESENTATION_CONTEXT() REPRESENTATION_CONTEXT('2D SPACE',''
  ) );
#827 = PCURVE('',#451,#828);
#828 = DEFINITIONAL_REPRESENTATION('',(#829),#833);
#829 = LINE('',#830,#831);
#830 = CARTESIAN_POINT('',(0.,0.));
#831 = VECTOR('',#832,1.);
#832 = DIRECTION('',(0.,-1.));
#833 = ( GEOMETRIC_REPRESENTATION_CONTEXT(2) 
PARAMETRIC_REPRESENTATION_CONTEXT() REPRESENTATION_CONTEXT('2D SPACE',''
  ) );
#834 = ORIENTED_EDGE('',*,*,#835,.F.);
#835 = EDGE_CURVE('',#836,#813,#838,.T.);
#836 = VERTEX_POINT('',#837);
#837 = CARTESIAN_POINT('',(48.5,77.5,0.));
#838 = SURFACE_CURVE('',#839,(#844,#855),.PCURVE_S1.);
#839 = CIRCLE('',#840,4.);
#840 = AXIS2_PLACEMENT_3D('',#841,#842,#843);
#841 = CARTESIAN_POINT('',(48.5,73.5,0.));
#842 = DIRECTION('',(-0.,-0.,-1.));
#843 = DIRECTION('',(0.,-1.,0.));
#844 = PCURVE('',#100,#845);
#845 = DEFINITIONAL_REPRESENTATION('',(#846),#854);
#846 = ( BOUNDED_CURVE() B_SPLINE_CURVE(2,(#847,#848,#849,#850,#851,#852
,#853),.UNSPECIFIED.,.T.,.F.) B_SPLINE_CURVE_WITH_KNOTS((1,2,2,2,2,1),(
    -2.094395102393,0.,2.094395102393,4.188790204786,6.28318530718,
8.377580409573),.UNSPECIFIED.) CURVE() GEOMETRIC_REPRESENTATION_ITEM() 
RATIONAL_B_SPLINE_CURVE((1.,0.5,1.,0.5,1.,0.5,1.)) REPRESENTATION_ITEM(
  '') );
#847 = CARTESIAN_POINT('',(101.,147.));
#848 = CARTESIAN_POINT('',(94.071796769725,147.));
#849 = CARTESIAN_POINT('',(97.535898384862,153.));
#850 = CARTESIAN_POINT('',(101.,159.));
#851 = CARTESIAN_POINT('',(104.46410161513,153.));
#852 = CARTESIAN_POINT('',(107.92820323027,147.));
#853 = CARTESIAN_POINT('',(101.,147.));
#854 = ( GEOMETRIC_REPRESENTATION_CONTEXT(2) 
PARAMETRIC_REPRESENTATION_CONTEXT() REPRESENTATION_CONTEXT('2D SPACE',''
  ) );
#855 = PCURVE('',#484,#856);
#856 = DEFINITIONAL_REPRESENTATION('',(#857),#861);
#857 = LINE('',#858,#859);
#858 = CARTESIAN_POINT('',(3.14159265359,-0.));
#859 = VECTOR('',#860,1.);
#860 = DIRECTION('',(-1.,0.));
#861 = ( GEOMETRIC_REPRESENTATION_CONTEXT(2) 
PARAMETRIC_REPRESENTATION_CONTEXT() REPRESENTATION_CONTEXT('2D SPACE',''
  ) );
#862 = ORIENTED_EDGE('',*,*,#863,.F.);
#863 = EDGE_CURVE('',#710,#836,#864,.T.);
#864 = SURFACE_CURVE('',#865,(#869,#876),.PCURVE_S1.);
#865 = LINE('',#866,#867);
#866 = CARTESIAN_POINT('',(-52.5,77.5,0.));
#867 = VECTOR('',#868,1.);
#868 = DIRECTION('',(1.,0.,-0.));
#869 = PCURVE('',#100,#870);
#870 = DEFINITIONAL_REPRESENTATION('',(#871),#875);
#871 = LINE('',#872,#873);
#872 = CARTESIAN_POINT('',(0.,155.));
#873 = VECTOR('',#874,1.);
#874 = DIRECTION('',(1.,0.));
#875 = ( GEOMETRIC_REPRESENTATION_CONTEXT(2) 
PARAMETRIC_REPRESENTATION_CONTEXT() REPRESENTATION_CONTEXT('2D SPACE',''
  ) );
#876 = PCURVE('',#512,#877);
#877 = DEFINITIONAL_REPRESENTATION('',(#878),#882);
#878 = LINE('',#879,#880);
#879 = CARTESIAN_POINT('',(0.,0.));
#880 = VECTOR('',#881,1.);
#881 = DIRECTION('',(0.,1.));
#882 = ( GEOMETRIC_REPRESENTATION_CONTEXT(2) 
PARAMETRIC_REPRESENTATION_CONTEXT() REPRESENTATION_CONTEXT('2D SPACE',''
  ) );
#883 = ORIENTED_EDGE('',*,*,#709,.F.);
#884 = FACE_BOUND('',#885,.F.);
#885 = EDGE_LOOP('',(#886,#914,#940,#966));
#886 = ORIENTED_EDGE('',*,*,#887,.F.);
#887 = EDGE_CURVE('',#888,#890,#892,.T.);
#888 = VERTEX_POINT('',#889);
#889 = CARTESIAN_POINT('',(-25.5,-70.,0.));
#890 = VERTEX_POINT('',#891);
#891 = CARTESIAN_POINT('',(-25.5,-28.,0.));
#892 = SURFACE_CURVE('',#893,(#897,#903),.PCURVE_S1.);
#893 = LINE('',#894,#895);
#894 = CARTESIAN_POINT('',(-25.5,-73.75,0.));
#895 = VECTOR('',#896,1.);
#896 = DIRECTION('',(0.,1.,0.));
#897 = PCURVE('',#100,#898);
#898 = DEFINITIONAL_REPRESENTATION('',(#899),#902);
#899 = B_SPLINE_CURVE_WITH_KNOTS('',1,(#900,#901),.UNSPECIFIED.,.F.,.F.,
  (2,2),(3.75,45.75),.PIECEWISE_BEZIER_KNOTS.);
#900 = CARTESIAN_POINT('',(27.,7.5));
#901 = CARTESIAN_POINT('',(27.,49.5));
#902 = ( GEOMETRIC_REPRESENTATION_CONTEXT(2) 
PARAMETRIC_REPRESENTATION_CONTEXT() REPRESENTATION_CONTEXT('2D SPACE',''
  ) );
#903 = PCURVE('',#904,#909);
#904 = PLANE('',#905);
#905 = AXIS2_PLACEMENT_3D('',#906,#907,#908);
#906 = CARTESIAN_POINT('',(-25.5,-70.,-2.));
#907 = DIRECTION('',(-1.,-0.,-0.));
#908 = DIRECTION('',(0.,0.,-1.));
#909 = DEFINITIONAL_REPRESENTATION('',(#910),#913);
#910 = B_SPLINE_CURVE_WITH_KNOTS('',1,(#911,#912),.UNSPECIFIED.,.F.,.F.,
  (2,2),(3.75,45.75),.PIECEWISE_BEZIER_KNOTS.);
#911 = CARTESIAN_POINT('',(-2.,0.));
#912 = CARTESIAN_POINT('',(-2.,-42.));
#913 = ( GEOMETRIC_REPRESENTATION_CONTEXT(2) 
PARAMETRIC_REPRESENTATION_CONTEXT() REPRESENTATION_CONTEXT('2D SPACE',''
  ) );
#914 = ORIENTED_EDGE('',*,*,#915,.F.);
#915 = EDGE_CURVE('',#916,#888,#918,.T.);
#916 = VERTEX_POINT('',#917);
#917 = CARTESIAN_POINT('',(-32.,-70.,0.));
#918 = SURFACE_CURVE('',#919,(#923,#929),.PCURVE_S1.);
#919 = LINE('',#920,#921);
#920 = CARTESIAN_POINT('',(-39.,-70.,0.));
#921 = VECTOR('',#922,1.);
#922 = DIRECTION('',(1.,0.,-0.));
#923 = PCURVE('',#100,#924);
#924 = DEFINITIONAL_REPRESENTATION('',(#925),#928);
#925 = B_SPLINE_CURVE_WITH_KNOTS('',1,(#926,#927),.UNSPECIFIED.,.F.,.F.,
  (2,2),(7.,13.5),.PIECEWISE_BEZIER_KNOTS.);
#926 = CARTESIAN_POINT('',(20.5,7.5));
#927 = CARTESIAN_POINT('',(27.,7.5));
#928 = ( GEOMETRIC_REPRESENTATION_CONTEXT(2) 
PARAMETRIC_REPRESENTATION_CONTEXT() REPRESENTATION_CONTEXT('2D SPACE',''
  ) );
#929 = PCURVE('',#930,#935);
#930 = PLANE('',#931);
#931 = AXIS2_PLACEMENT_3D('',#932,#933,#934);
#932 = CARTESIAN_POINT('',(-25.5,-70.,-2.));
#933 = DIRECTION('',(-0.,1.,-0.));
#934 = DIRECTION('',(0.,0.,-1.));
#935 = DEFINITIONAL_REPRESENTATION('',(#936),#939);
#936 = B_SPLINE_CURVE_WITH_KNOTS('',1,(#937,#938),.UNSPECIFIED.,.F.,.F.,
  (2,2),(7.,13.5),.PIECEWISE_BEZIER_KNOTS.);
#937 = CARTESIAN_POINT('',(-2.,6.5));
#938 = CARTESIAN_POINT('',(-2.,0.));
#939 = ( GEOMETRIC_REPRESENTATION_CONTEXT(2) 
PARAMETRIC_REPRESENTATION_CONTEXT() REPRESENTATION_CONTEXT('2D SPACE',''
  ) );
#940 = ORIENTED_EDGE('',*,*,#941,.T.);
#941 = EDGE_CURVE('',#916,#942,#944,.T.);
#942 = VERTEX_POINT('',#943);
#943 = CARTESIAN_POINT('',(-32.,-28.,0.));
#944 = SURFACE_CURVE('',#945,(#949,#955),.PCURVE_S1.);
#945 = LINE('',#946,#947);
#946 = CARTESIAN_POINT('',(-32.,-73.75,0.));
#947 = VECTOR('',#948,1.);
#948 = DIRECTION('',(0.,1.,0.));
#949 = PCURVE('',#100,#950);
#950 = DEFINITIONAL_REPRESENTATION('',(#951),#954);
#951 = B_SPLINE_CURVE_WITH_KNOTS('',1,(#952,#953),.UNSPECIFIED.,.F.,.F.,
  (2,2),(3.75,45.75),.PIECEWISE_BEZIER_KNOTS.);
#952 = CARTESIAN_POINT('',(20.5,7.5));
#953 = CARTESIAN_POINT('',(20.5,49.5));
#954 = ( GEOMETRIC_REPRESENTATION_CONTEXT(2) 
PARAMETRIC_REPRESENTATION_CONTEXT() REPRESENTATION_CONTEXT('2D SPACE',''
  ) );
#955 = PCURVE('',#956,#961);
#956 = PLANE('',#957);
#957 = AXIS2_PLACEMENT_3D('',#958,#959,#960);
#958 = CARTESIAN_POINT('',(-32.,-70.,-2.));
#959 = DIRECTION('',(-1.,-0.,-0.));
#960 = DIRECTION('',(0.,0.,-1.));
#961 = DEFINITIONAL_REPRESENTATION('',(#962),#965);
#962 = B_SPLINE_CURVE_WITH_KNOTS('',1,(#963,#964),.UNSPECIFIED.,.F.,.F.,
  (2,2),(3.75,45.75),.PIECEWISE_BEZIER_KNOTS.);
#963 = CARTESIAN_POINT('',(-2.,0.));
#964 = CARTESIAN_POINT('',(-2.,-42.));
#965 = ( GEOMETRIC_REPRESENTATION_CONTEXT(2) 
PARAMETRIC_REPRESENTATION_CONTEXT() REPRESENTATION_CONTEXT('2D SPACE',''
  ) );
#966 = ORIENTED_EDGE('',*,*,#967,.T.);
#967 = EDGE_CURVE('',#942,#890,#968,.T.);
#968 = SURFACE_CURVE('',#969,(#973,#979),.PCURVE_S1.);
#969 = LINE('',#970,#971);
#970 = CARTESIAN_POINT('',(-39.,-28.,0.));
#971 = VECTOR('',#972,1.);
#972 = DIRECTION('',(1.,0.,-0.));
#973 = PCURVE('',#100,#974);
#974 = DEFINITIONAL_REPRESENTATION('',(#975),#978);
#975 = B_SPLINE_CURVE_WITH_KNOTS('',1,(#976,#977),.UNSPECIFIED.,.F.,.F.,
  (2,2),(7.,13.5),.PIECEWISE_BEZIER_KNOTS.);
#976 = CARTESIAN_POINT('',(20.5,49.5));
#977 = CARTESIAN_POINT('',(27.,49.5));
#978 = ( GEOMETRIC_REPRESENTATION_CONTEXT(2) 
PARAMETRIC_REPRESENTATION_CONTEXT() REPRESENTATION_CONTEXT('2D SPACE',''
  ) );
#979 = PCURVE('',#980,#985);
#980 = PLANE('',#981);
#981 = AXIS2_PLACEMENT_3D('',#982,#983,#984);
#982 = CARTESIAN_POINT('',(-25.5,-28.,-2.));
#983 = DIRECTION('',(-0.,1.,-0.));
#984 = DIRECTION('',(0.,0.,-1.));
#985 = DEFINITIONAL_REPRESENTATION('',(#986),#989);
#986 = B_SPLINE_CURVE_WITH_KNOTS('',1,(#987,#988),.UNSPECIFIED.,.F.,.F.,
  (2,2),(7.,13.5),.PIECEWISE_BEZIER_KNOTS.);
#987 = CARTESIAN_POINT('',(-2.,6.5));
#988 = CARTESIAN_POINT('',(-2.,0.));
#989 = ( GEOMETRIC_REPRESENTATION_CONTEXT(2) 
PARAMETRIC_REPRESENTATION_CONTEXT() REPRESENTATION_CONTEXT('2D SPACE',''
  ) );
#990 = FACE_BOUND('',#991,.F.);
#991 = EDGE_LOOP('',(#992,#1020,#1046,#1072));
#992 = ORIENTED_EDGE('',*,*,#993,.T.);
#993 = EDGE_CURVE('',#994,#996,#998,.T.);
#994 = VERTEX_POINT('',#995);
#995 = CARTESIAN_POINT('',(32.,-70.,0.));
#996 = VERTEX_POINT('',#997);
#997 = CARTESIAN_POINT('',(25.5,-70.,0.));
#998 = SURFACE_CURVE('',#999,(#1003,#1009),.PCURVE_S1.);
#999 = LINE('',#1000,#1001);
#1000 = CARTESIAN_POINT('',(-13.5,-70.,0.));
#1001 = VECTOR('',#1002,1.);
#1002 = DIRECTION('',(-1.,-0.,0.));
#1003 = PCURVE('',#100,#1004);
#1004 = DEFINITIONAL_REPRESENTATION('',(#1005),#1008);
#1005 = B_SPLINE_CURVE_WITH_KNOTS('',1,(#1006,#1007),.UNSPECIFIED.,.F.,
  .F.,(2,2),(-45.5,-39.),.PIECEWISE_BEZIER_KNOTS.);
#1006 = CARTESIAN_POINT('',(84.5,7.5));
#1007 = CARTESIAN_POINT('',(78.,7.5));
#1008 = ( GEOMETRIC_REPRESENTATION_CONTEXT(2) 
PARAMETRIC_REPRESENTATION_CONTEXT() REPRESENTATION_CONTEXT('2D SPACE',''
  ) );
#1009 = PCURVE('',#1010,#1015);
#1010 = PLANE('',#1011);
#1011 = AXIS2_PLACEMENT_3D('',#1012,#1013,#1014);
#1012 = CARTESIAN_POINT('',(25.5,-70.,-2.));
#1013 = DIRECTION('',(-0.,1.,0.));
#1014 = DIRECTION('',(0.,0.,1.));
#1015 = DEFINITIONAL_REPRESENTATION('',(#1016),#1019);
#1016 = B_SPLINE_CURVE_WITH_KNOTS('',1,(#1017,#1018),.UNSPECIFIED.,.F.,
  .F.,(2,2),(-45.5,-39.),.PIECEWISE_BEZIER_KNOTS.);
#1017 = CARTESIAN_POINT('',(2.,6.5));
#1018 = CARTESIAN_POINT('',(2.,0.));
#1019 = ( GEOMETRIC_REPRESENTATION_CONTEXT(2) 
PARAMETRIC_REPRESENTATION_CONTEXT() REPRESENTATION_CONTEXT('2D SPACE',''
  ) );
#1020 = ORIENTED_EDGE('',*,*,#1021,.T.);
#1021 = EDGE_CURVE('',#996,#1022,#1024,.T.);
#1022 = VERTEX_POINT('',#1023);
#1023 = CARTESIAN_POINT('',(25.5,-28.,0.));
#1024 = SURFACE_CURVE('',#1025,(#1029,#1035),.PCURVE_S1.);
#1025 = LINE('',#1026,#1027);
#1026 = CARTESIAN_POINT('',(25.5,-73.75,0.));
#1027 = VECTOR('',#1028,1.);
#1028 = DIRECTION('',(-0.,1.,0.));
#1029 = PCURVE('',#100,#1030);
#1030 = DEFINITIONAL_REPRESENTATION('',(#1031),#1034);
#1031 = B_SPLINE_CURVE_WITH_KNOTS('',1,(#1032,#1033),.UNSPECIFIED.,.F.,
  .F.,(2,2),(3.75,45.75),.PIECEWISE_BEZIER_KNOTS.);
#1032 = CARTESIAN_POINT('',(78.,7.5));
#1033 = CARTESIAN_POINT('',(78.,49.5));
#1034 = ( GEOMETRIC_REPRESENTATION_CONTEXT(2) 
PARAMETRIC_REPRESENTATION_CONTEXT() REPRESENTATION_CONTEXT('2D SPACE',''
  ) );
#1035 = PCURVE('',#1036,#1041);
#1036 = PLANE('',#1037);
#1037 = AXIS2_PLACEMENT_3D('',#1038,#1039,#1040);
#1038 = CARTESIAN_POINT('',(25.5,-70.,-2.));
#1039 = DIRECTION('',(1.,0.,-0.));
#1040 = DIRECTION('',(0.,0.,1.));
#1041 = DEFINITIONAL_REPRESENTATION('',(#1042),#1045);
#1042 = B_SPLINE_CURVE_WITH_KNOTS('',1,(#1043,#1044),.UNSPECIFIED.,.F.,
  .F.,(2,2),(3.75,45.75),.PIECEWISE_BEZIER_KNOTS.);
#1043 = CARTESIAN_POINT('',(2.,0.));
#1044 = CARTESIAN_POINT('',(2.,-42.));
#1045 = ( GEOMETRIC_REPRESENTATION_CONTEXT(2) 
PARAMETRIC_REPRESENTATION_CONTEXT() REPRESENTATION_CONTEXT('2D SPACE',''
  ) );
#1046 = ORIENTED_EDGE('',*,*,#1047,.F.);
#1047 = EDGE_CURVE('',#1048,#1022,#1050,.T.);
#1048 = VERTEX_POINT('',#1049);
#1049 = CARTESIAN_POINT('',(32.,-28.,0.));
#1050 = SURFACE_CURVE('',#1051,(#1055,#1061),.PCURVE_S1.);
#1051 = LINE('',#1052,#1053);
#1052 = CARTESIAN_POINT('',(-13.5,-28.,0.));
#1053 = VECTOR('',#1054,1.);
#1054 = DIRECTION('',(-1.,-0.,0.));
#1055 = PCURVE('',#100,#1056);
#1056 = DEFINITIONAL_REPRESENTATION('',(#1057),#1060);
#1057 = B_SPLINE_CURVE_WITH_KNOTS('',1,(#1058,#1059),.UNSPECIFIED.,.F.,
  .F.,(2,2),(-45.5,-39.),.PIECEWISE_BEZIER_KNOTS.);
#1058 = CARTESIAN_POINT('',(84.5,49.5));
#1059 = CARTESIAN_POINT('',(78.,49.5));
#1060 = ( GEOMETRIC_REPRESENTATION_CONTEXT(2) 
PARAMETRIC_REPRESENTATION_CONTEXT() REPRESENTATION_CONTEXT('2D SPACE',''
  ) );
#1061 = PCURVE('',#1062,#1067);
#1062 = PLANE('',#1063);
#1063 = AXIS2_PLACEMENT_3D('',#1064,#1065,#1066);
#1064 = CARTESIAN_POINT('',(25.5,-28.,-2.));
#1065 = DIRECTION('',(-0.,1.,0.));
#1066 = DIRECTION('',(0.,0.,1.));
#1067 = DEFINITIONAL_REPRESENTATION('',(#1068),#1071);
#1068 = B_SPLINE_CURVE_WITH_KNOTS('',1,(#1069,#1070),.UNSPECIFIED.,.F.,
  .F.,(2,2),(-45.5,-39.),.PIECEWISE_BEZIER_KNOTS.);
#1069 = CARTESIAN_POINT('',(2.,6.5));
#1070 = CARTESIAN_POINT('',(2.,0.));
#1071 = ( GEOMETRIC_REPRESENTATION_CONTEXT(2) 
PARAMETRIC_REPRESENTATION_CONTEXT() REPRESENTATION_CONTEXT('2D SPACE',''
  ) );
#1072 = ORIENTED_EDGE('',*,*,#1073,.F.);
#1073 = EDGE_CURVE('',#994,#1048,#1074,.T.);
#1074 = SURFACE_CURVE('',#1075,(#1079,#1085),.PCURVE_S1.);
#1075 = LINE('',#1076,#1077);
#1076 = CARTESIAN_POINT('',(32.,-73.75,0.));
#1077 = VECTOR('',#1078,1.);
#1078 = DIRECTION('',(-0.,1.,0.));
#1079 = PCURVE('',#100,#1080);
#1080 = DEFINITIONAL_REPRESENTATION('',(#1081),#1084);
#1081 = B_SPLINE_CURVE_WITH_KNOTS('',1,(#1082,#1083),.UNSPECIFIED.,.F.,
  .F.,(2,2),(3.75,45.75),.PIECEWISE_BEZIER_KNOTS.);
#1082 = CARTESIAN_POINT('',(84.5,7.5));
#1083 = CARTESIAN_POINT('',(84.5,49.5));
#1084 = ( GEOMETRIC_REPRESENTATION_CONTEXT(2) 
PARAMETRIC_REPRESENTATION_CONTEXT() REPRESENTATION_CONTEXT('2D SPACE',''
  ) );
#1085 = PCURVE('',#1086,#1091);
#1086 = PLANE('',#1087);
#1087 = AXIS2_PLACEMENT_3D('',#1088,#1089,#1090);
#1088 = CARTESIAN_POINT('',(32.,-70.,-2.));
#1089 = DIRECTION('',(1.,0.,-0.));
#1090 = DIRECTION('',(0.,0.,1.));
#1091 = DEFINITIONAL_REPRESENTATION('',(#1092),#1095);
#1092 = B_SPLINE_CURVE_WITH_KNOTS('',1,(#1093,#1094),.UNSPECIFIED.,.F.,
  .F.,(2,2),(3.75,45.75),.PIECEWISE_BEZIER_KNOTS.);
#1093 = CARTESIAN_POINT('',(2.,0.));
#1094 = CARTESIAN_POINT('',(2.,-42.));
#1095 = ( GEOMETRIC_REPRESENTATION_CONTEXT(2) 
PARAMETRIC_REPRESENTATION_CONTEXT() REPRESENTATION_CONTEXT('2D SPACE',''
  ) );
#1096 = ADVANCED_FACE('',(#1097),#157,.T.);
#1097 = FACE_BOUND('',#1098,.F.);
#1098 = EDGE_LOOP('',(#1099,#1122,#1143,#1164));
#1099 = ORIENTED_EDGE('',*,*,#1100,.F.);
#1100 = EDGE_CURVE('',#1101,#143,#1103,.T.);
#1101 = VERTEX_POINT('',#1102);
#1102 = CARTESIAN_POINT('',(-50.,43.,37.9));
#1103 = SURFACE_CURVE('',#1104,(#1108,#1115),.PCURVE_S1.);
#1104 = LINE('',#1105,#1106);
#1105 = CARTESIAN_POINT('',(-48.,43.,37.9));
#1106 = VECTOR('',#1107,1.);
#1107 = DIRECTION('',(-1.,-0.,-0.));
#1108 = PCURVE('',#157,#1109);
#1109 = DEFINITIONAL_REPRESENTATION('',(#1110),#1114);
#1110 = LINE('',#1111,#1112);
#1111 = CARTESIAN_POINT('',(-0.,-0.));
#1112 = VECTOR('',#1113,1.);
#1113 = DIRECTION('',(-0.,1.));
#1114 = ( GEOMETRIC_REPRESENTATION_CONTEXT(2) 
PARAMETRIC_REPRESENTATION_CONTEXT() REPRESENTATION_CONTEXT('2D SPACE',''
  ) );
#1115 = PCURVE('',#233,#1116);
#1116 = DEFINITIONAL_REPRESENTATION('',(#1117),#1121);
#1117 = LINE('',#1118,#1119);
#1118 = CARTESIAN_POINT('',(0.,-0.));
#1119 = VECTOR('',#1120,1.);
#1120 = DIRECTION('',(-1.,0.));
#1121 = ( GEOMETRIC_REPRESENTATION_CONTEXT(2) 
PARAMETRIC_REPRESENTATION_CONTEXT() REPRESENTATION_CONTEXT('2D SPACE',''
  ) );
#1122 = ORIENTED_EDGE('',*,*,#1123,.F.);
#1123 = EDGE_CURVE('',#1124,#1101,#1126,.T.);
#1124 = VERTEX_POINT('',#1125);
#1125 = CARTESIAN_POINT('',(-50.,43.,41.1));
#1126 = SURFACE_CURVE('',#1127,(#1131,#1137),.PCURVE_S1.);
#1127 = LINE('',#1128,#1129);
#1128 = CARTESIAN_POINT('',(-50.,43.,20.2));
#1129 = VECTOR('',#1130,1.);
#1130 = DIRECTION('',(0.,-0.,-1.));
#1131 = PCURVE('',#157,#1132);
#1132 = DEFINITIONAL_REPRESENTATION('',(#1133),#1136);
#1133 = B_SPLINE_CURVE_WITH_KNOTS('',1,(#1134,#1135),.UNSPECIFIED.,.F.,
  .F.,(2,2),(-20.9,-17.7),.PIECEWISE_BEZIER_KNOTS.);
#1134 = CARTESIAN_POINT('',(-3.2,2.));
#1135 = CARTESIAN_POINT('',(0.,2.));
#1136 = ( GEOMETRIC_REPRESENTATION_CONTEXT(2) 
PARAMETRIC_REPRESENTATION_CONTEXT() REPRESENTATION_CONTEXT('2D SPACE',''
  ) );
#1137 = PCURVE('',#595,#1138);
#1138 = DEFINITIONAL_REPRESENTATION('',(#1139),#1142);
#1139 = B_SPLINE_CURVE_WITH_KNOTS('',1,(#1140,#1141),.UNSPECIFIED.,.F.,
  .F.,(2,2),(-20.9,-17.7),.PIECEWISE_BEZIER_KNOTS.);
#1140 = CARTESIAN_POINT('',(38.6,-118.));
#1141 = CARTESIAN_POINT('',(35.4,-118.));
#1142 = ( GEOMETRIC_REPRESENTATION_CONTEXT(2) 
PARAMETRIC_REPRESENTATION_CONTEXT() REPRESENTATION_CONTEXT('2D SPACE',''
  ) );
#1143 = ORIENTED_EDGE('',*,*,#1144,.T.);
#1144 = EDGE_CURVE('',#1124,#141,#1145,.T.);
#1145 = SURFACE_CURVE('',#1146,(#1150,#1157),.PCURVE_S1.);
#1146 = LINE('',#1147,#1148);
#1147 = CARTESIAN_POINT('',(-48.,43.,41.1));
#1148 = VECTOR('',#1149,1.);
#1149 = DIRECTION('',(-1.,-0.,-0.));
#1150 = PCURVE('',#157,#1151);
#1151 = DEFINITIONAL_REPRESENTATION('',(#1152),#1156);
#1152 = LINE('',#1153,#1154);
#1153 = CARTESIAN_POINT('',(-3.2,-0.));
#1154 = VECTOR('',#1155,1.);
#1155 = DIRECTION('',(-0.,1.));
#1156 = ( GEOMETRIC_REPRESENTATION_CONTEXT(2) 
PARAMETRIC_REPRESENTATION_CONTEXT() REPRESENTATION_CONTEXT('2D SPACE',''
  ) );
#1157 = PCURVE('',#183,#1158);
#1158 = DEFINITIONAL_REPRESENTATION('',(#1159),#1163);
#1159 = LINE('',#1160,#1161);
#1160 = CARTESIAN_POINT('',(0.,-0.));
#1161 = VECTOR('',#1162,1.);
#1162 = DIRECTION('',(-1.,0.));
#1163 = ( GEOMETRIC_REPRESENTATION_CONTEXT(2) 
PARAMETRIC_REPRESENTATION_CONTEXT() REPRESENTATION_CONTEXT('2D SPACE',''
  ) );
#1164 = ORIENTED_EDGE('',*,*,#140,.T.);
#1165 = ADVANCED_FACE('',(#1166),#183,.F.);
#1166 = FACE_BOUND('',#1167,.T.);
#1167 = EDGE_LOOP('',(#1168,#1191,#1210,#1211));
#1168 = ORIENTED_EDGE('',*,*,#1169,.F.);
#1169 = EDGE_CURVE('',#1170,#169,#1172,.T.);
#1170 = VERTEX_POINT('',#1171);
#1171 = CARTESIAN_POINT('',(-50.,57.,41.1));
#1172 = SURFACE_CURVE('',#1173,(#1177,#1184),.PCURVE_S1.);
#1173 = LINE('',#1174,#1175);
#1174 = CARTESIAN_POINT('',(-48.,57.,41.1));
#1175 = VECTOR('',#1176,1.);
#1176 = DIRECTION('',(-1.,-0.,-0.));
#1177 = PCURVE('',#183,#1178);
#1178 = DEFINITIONAL_REPRESENTATION('',(#1179),#1183);
#1179 = LINE('',#1180,#1181);
#1180 = CARTESIAN_POINT('',(0.,14.));
#1181 = VECTOR('',#1182,1.);
#1182 = DIRECTION('',(-1.,0.));
#1183 = ( GEOMETRIC_REPRESENTATION_CONTEXT(2) 
PARAMETRIC_REPRESENTATION_CONTEXT() REPRESENTATION_CONTEXT('2D SPACE',''
  ) );
#1184 = PCURVE('',#209,#1185);
#1185 = DEFINITIONAL_REPRESENTATION('',(#1186),#1190);
#1186 = LINE('',#1187,#1188);
#1187 = CARTESIAN_POINT('',(-3.2,-0.));
#1188 = VECTOR('',#1189,1.);
#1189 = DIRECTION('',(-0.,1.));
#1190 = ( GEOMETRIC_REPRESENTATION_CONTEXT(2) 
PARAMETRIC_REPRESENTATION_CONTEXT() REPRESENTATION_CONTEXT('2D SPACE',''
  ) );
#1191 = ORIENTED_EDGE('',*,*,#1192,.F.);
#1192 = EDGE_CURVE('',#1124,#1170,#1193,.T.);
#1193 = SURFACE_CURVE('',#1194,(#1198,#1204),.PCURVE_S1.);
#1194 = LINE('',#1195,#1196);
#1195 = CARTESIAN_POINT('',(-50.,-16.,41.1));
#1196 = VECTOR('',#1197,1.);
#1197 = DIRECTION('',(0.,1.,0.));
#1198 = PCURVE('',#183,#1199);
#1199 = DEFINITIONAL_REPRESENTATION('',(#1200),#1203);
#1200 = B_SPLINE_CURVE_WITH_KNOTS('',1,(#1201,#1202),.UNSPECIFIED.,.F.,
  .F.,(2,2),(59.,73.),.PIECEWISE_BEZIER_KNOTS.);
#1201 = CARTESIAN_POINT('',(-2.,0.));
#1202 = CARTESIAN_POINT('',(-2.,14.));
#1203 = ( GEOMETRIC_REPRESENTATION_CONTEXT(2) 
PARAMETRIC_REPRESENTATION_CONTEXT() REPRESENTATION_CONTEXT('2D SPACE',''
  ) );
#1204 = PCURVE('',#595,#1205);
#1205 = DEFINITIONAL_REPRESENTATION('',(#1206),#1209);
#1206 = B_SPLINE_CURVE_WITH_KNOTS('',1,(#1207,#1208),.UNSPECIFIED.,.F.,
  .F.,(2,2),(59.,73.),.PIECEWISE_BEZIER_KNOTS.);
#1207 = CARTESIAN_POINT('',(38.6,-118.));
#1208 = CARTESIAN_POINT('',(38.6,-132.));
#1209 = ( GEOMETRIC_REPRESENTATION_CONTEXT(2) 
PARAMETRIC_REPRESENTATION_CONTEXT() REPRESENTATION_CONTEXT('2D SPACE',''
  ) );
#1210 = ORIENTED_EDGE('',*,*,#1144,.T.);
#1211 = ORIENTED_EDGE('',*,*,#168,.T.);
#1212 = ADVANCED_FACE('',(#1213),#233,.T.);
#1213 = FACE_BOUND('',#1214,.F.);
#1214 = EDGE_LOOP('',(#1215,#1238,#1257,#1258));
#1215 = ORIENTED_EDGE('',*,*,#1216,.F.);
#1216 = EDGE_CURVE('',#1217,#195,#1219,.T.);
#1217 = VERTEX_POINT('',#1218);
#1218 = CARTESIAN_POINT('',(-50.,57.,37.9));
#1219 = SURFACE_CURVE('',#1220,(#1224,#1231),.PCURVE_S1.);
#1220 = LINE('',#1221,#1222);
#1221 = CARTESIAN_POINT('',(-48.,57.,37.9));
#1222 = VECTOR('',#1223,1.);
#1223 = DIRECTION('',(-1.,-0.,-0.));
#1224 = PCURVE('',#233,#1225);
#1225 = DEFINITIONAL_REPRESENTATION('',(#1226),#1230);
#1226 = LINE('',#1227,#1228);
#1227 = CARTESIAN_POINT('',(0.,14.));
#1228 = VECTOR('',#1229,1.);
#1229 = DIRECTION('',(-1.,0.));
#1230 = ( GEOMETRIC_REPRESENTATION_CONTEXT(2) 
PARAMETRIC_REPRESENTATION_CONTEXT() REPRESENTATION_CONTEXT('2D SPACE',''
  ) );
#1231 = PCURVE('',#209,#1232);
#1232 = DEFINITIONAL_REPRESENTATION('',(#1233),#1237);
#1233 = LINE('',#1234,#1235);
#1234 = CARTESIAN_POINT('',(-0.,-0.));
#1235 = VECTOR('',#1236,1.);
#1236 = DIRECTION('',(-0.,1.));
#1237 = ( GEOMETRIC_REPRESENTATION_CONTEXT(2) 
PARAMETRIC_REPRESENTATION_CONTEXT() REPRESENTATION_CONTEXT('2D SPACE',''
  ) );
#1238 = ORIENTED_EDGE('',*,*,#1239,.F.);
#1239 = EDGE_CURVE('',#1101,#1217,#1240,.T.);
#1240 = SURFACE_CURVE('',#1241,(#1245,#1251),.PCURVE_S1.);
#1241 = LINE('',#1242,#1243);
#1242 = CARTESIAN_POINT('',(-50.,-16.,37.9));
#1243 = VECTOR('',#1244,1.);
#1244 = DIRECTION('',(0.,1.,0.));
#1245 = PCURVE('',#233,#1246);
#1246 = DEFINITIONAL_REPRESENTATION('',(#1247),#1250);
#1247 = B_SPLINE_CURVE_WITH_KNOTS('',1,(#1248,#1249),.UNSPECIFIED.,.F.,
  .F.,(2,2),(59.,73.),.PIECEWISE_BEZIER_KNOTS.);
#1248 = CARTESIAN_POINT('',(-2.,0.));
#1249 = CARTESIAN_POINT('',(-2.,14.));
#1250 = ( GEOMETRIC_REPRESENTATION_CONTEXT(2) 
PARAMETRIC_REPRESENTATION_CONTEXT() REPRESENTATION_CONTEXT('2D SPACE',''
  ) );
#1251 = PCURVE('',#595,#1252);
#1252 = DEFINITIONAL_REPRESENTATION('',(#1253),#1256);
#1253 = B_SPLINE_CURVE_WITH_KNOTS('',1,(#1254,#1255),.UNSPECIFIED.,.F.,
  .F.,(2,2),(59.,73.),.PIECEWISE_BEZIER_KNOTS.);
#1254 = CARTESIAN_POINT('',(35.4,-118.));
#1255 = CARTESIAN_POINT('',(35.4,-132.));
#1256 = ( GEOMETRIC_REPRESENTATION_CONTEXT(2) 
PARAMETRIC_REPRESENTATION_CONTEXT() REPRESENTATION_CONTEXT('2D SPACE',''
  ) );
#1257 = ORIENTED_EDGE('',*,*,#1100,.T.);
#1258 = ORIENTED_EDGE('',*,*,#220,.T.);
#1259 = ADVANCED_FACE('',(#1260),#209,.F.);
#1260 = FACE_BOUND('',#1261,.T.);
#1261 = EDGE_LOOP('',(#1262,#1263,#1282,#1283));
#1262 = ORIENTED_EDGE('',*,*,#1216,.F.);
#1263 = ORIENTED_EDGE('',*,*,#1264,.F.);
#1264 = EDGE_CURVE('',#1170,#1217,#1265,.T.);
#1265 = SURFACE_CURVE('',#1266,(#1270,#1276),.PCURVE_S1.);
#1266 = LINE('',#1267,#1268);
#1267 = CARTESIAN_POINT('',(-50.,57.,20.2));
#1268 = VECTOR('',#1269,1.);
#1269 = DIRECTION('',(0.,-0.,-1.));
#1270 = PCURVE('',#209,#1271);
#1271 = DEFINITIONAL_REPRESENTATION('',(#1272),#1275);
#1272 = B_SPLINE_CURVE_WITH_KNOTS('',1,(#1273,#1274),.UNSPECIFIED.,.F.,
  .F.,(2,2),(-20.9,-17.7),.PIECEWISE_BEZIER_KNOTS.);
#1273 = CARTESIAN_POINT('',(-3.2,2.));
#1274 = CARTESIAN_POINT('',(0.,2.));
#1275 = ( GEOMETRIC_REPRESENTATION_CONTEXT(2) 
PARAMETRIC_REPRESENTATION_CONTEXT() REPRESENTATION_CONTEXT('2D SPACE',''
  ) );
#1276 = PCURVE('',#595,#1277);
#1277 = DEFINITIONAL_REPRESENTATION('',(#1278),#1281);
#1278 = B_SPLINE_CURVE_WITH_KNOTS('',1,(#1279,#1280),.UNSPECIFIED.,.F.,
  .F.,(2,2),(-20.9,-17.7),.PIECEWISE_BEZIER_KNOTS.);
#1279 = CARTESIAN_POINT('',(38.6,-132.));
#1280 = CARTESIAN_POINT('',(35.4,-132.));
#1281 = ( GEOMETRIC_REPRESENTATION_CONTEXT(2) 
PARAMETRIC_REPRESENTATION_CONTEXT() REPRESENTATION_CONTEXT('2D SPACE',''
  ) );
#1282 = ORIENTED_EDGE('',*,*,#1169,.T.);
#1283 = ORIENTED_EDGE('',*,*,#194,.T.);
#1284 = ADVANCED_FACE('',(#1285),#263,.T.);
#1285 = FACE_BOUND('',#1286,.F.);
#1286 = EDGE_LOOP('',(#1287,#1310,#1331,#1352));
#1287 = ORIENTED_EDGE('',*,*,#1288,.F.);
#1288 = EDGE_CURVE('',#1289,#249,#1291,.T.);
#1289 = VERTEX_POINT('',#1290);
#1290 = CARTESIAN_POINT('',(-50.,-57.,37.9));
#1291 = SURFACE_CURVE('',#1292,(#1296,#1303),.PCURVE_S1.);
#1292 = LINE('',#1293,#1294);
#1293 = CARTESIAN_POINT('',(-48.,-57.,37.9));
#1294 = VECTOR('',#1295,1.);
#1295 = DIRECTION('',(-1.,-0.,-0.));
#1296 = PCURVE('',#263,#1297);
#1297 = DEFINITIONAL_REPRESENTATION('',(#1298),#1302);
#1298 = LINE('',#1299,#1300);
#1299 = CARTESIAN_POINT('',(-0.,-0.));
#1300 = VECTOR('',#1301,1.);
#1301 = DIRECTION('',(-0.,1.));
#1302 = ( GEOMETRIC_REPRESENTATION_CONTEXT(2) 
PARAMETRIC_REPRESENTATION_CONTEXT() REPRESENTATION_CONTEXT('2D SPACE',''
  ) );
#1303 = PCURVE('',#339,#1304);
#1304 = DEFINITIONAL_REPRESENTATION('',(#1305),#1309);
#1305 = LINE('',#1306,#1307);
#1306 = CARTESIAN_POINT('',(0.,-0.));
#1307 = VECTOR('',#1308,1.);
#1308 = DIRECTION('',(-1.,0.));
#1309 = ( GEOMETRIC_REPRESENTATION_CONTEXT(2) 
PARAMETRIC_REPRESENTATION_CONTEXT() REPRESENTATION_CONTEXT('2D SPACE',''
  ) );
#1310 = ORIENTED_EDGE('',*,*,#1311,.F.);
#1311 = EDGE_CURVE('',#1312,#1289,#1314,.T.);
#1312 = VERTEX_POINT('',#1313);
#1313 = CARTESIAN_POINT('',(-50.,-57.,41.1));
#1314 = SURFACE_CURVE('',#1315,(#1319,#1325),.PCURVE_S1.);
#1315 = LINE('',#1316,#1317);
#1316 = CARTESIAN_POINT('',(-50.,-57.,20.2));
#1317 = VECTOR('',#1318,1.);
#1318 = DIRECTION('',(0.,-0.,-1.));
#1319 = PCURVE('',#263,#1320);
#1320 = DEFINITIONAL_REPRESENTATION('',(#1321),#1324);
#1321 = B_SPLINE_CURVE_WITH_KNOTS('',1,(#1322,#1323),.UNSPECIFIED.,.F.,
  .F.,(2,2),(-20.9,-17.7),.PIECEWISE_BEZIER_KNOTS.);
#1322 = CARTESIAN_POINT('',(-3.2,2.));
#1323 = CARTESIAN_POINT('',(0.,2.));
#1324 = ( GEOMETRIC_REPRESENTATION_CONTEXT(2) 
PARAMETRIC_REPRESENTATION_CONTEXT() REPRESENTATION_CONTEXT('2D SPACE',''
  ) );
#1325 = PCURVE('',#595,#1326);
#1326 = DEFINITIONAL_REPRESENTATION('',(#1327),#1330);
#1327 = B_SPLINE_CURVE_WITH_KNOTS('',1,(#1328,#1329),.UNSPECIFIED.,.F.,
  .F.,(2,2),(-20.9,-17.7),.PIECEWISE_BEZIER_KNOTS.);
#1328 = CARTESIAN_POINT('',(38.6,-18.));
#1329 = CARTESIAN_POINT('',(35.4,-18.));
#1330 = ( GEOMETRIC_REPRESENTATION_CONTEXT(2) 
PARAMETRIC_REPRESENTATION_CONTEXT() REPRESENTATION_CONTEXT('2D SPACE',''
  ) );
#1331 = ORIENTED_EDGE('',*,*,#1332,.T.);
#1332 = EDGE_CURVE('',#1312,#247,#1333,.T.);
#1333 = SURFACE_CURVE('',#1334,(#1338,#1345),.PCURVE_S1.);
#1334 = LINE('',#1335,#1336);
#1335 = CARTESIAN_POINT('',(-48.,-57.,41.1));
#1336 = VECTOR('',#1337,1.);
#1337 = DIRECTION('',(-1.,-0.,-0.));
#1338 = PCURVE('',#263,#1339);
#1339 = DEFINITIONAL_REPRESENTATION('',(#1340),#1344);
#1340 = LINE('',#1341,#1342);
#1341 = CARTESIAN_POINT('',(-3.2,-0.));
#1342 = VECTOR('',#1343,1.);
#1343 = DIRECTION('',(-0.,1.));
#1344 = ( GEOMETRIC_REPRESENTATION_CONTEXT(2) 
PARAMETRIC_REPRESENTATION_CONTEXT() REPRESENTATION_CONTEXT('2D SPACE',''
  ) );
#1345 = PCURVE('',#289,#1346);
#1346 = DEFINITIONAL_REPRESENTATION('',(#1347),#1351);
#1347 = LINE('',#1348,#1349);
#1348 = CARTESIAN_POINT('',(0.,-0.));
#1349 = VECTOR('',#1350,1.);
#1350 = DIRECTION('',(-1.,0.));
#1351 = ( GEOMETRIC_REPRESENTATION_CONTEXT(2) 
PARAMETRIC_REPRESENTATION_CONTEXT() REPRESENTATION_CONTEXT('2D SPACE',''
  ) );
#1352 = ORIENTED_EDGE('',*,*,#246,.T.);
#1353 = ADVANCED_FACE('',(#1354),#339,.T.);
#1354 = FACE_BOUND('',#1355,.F.);
#1355 = EDGE_LOOP('',(#1356,#1379,#1398,#1399));
#1356 = ORIENTED_EDGE('',*,*,#1357,.F.);
#1357 = EDGE_CURVE('',#1358,#301,#1360,.T.);
#1358 = VERTEX_POINT('',#1359);
#1359 = CARTESIAN_POINT('',(-50.,-43.,37.9));
#1360 = SURFACE_CURVE('',#1361,(#1365,#1372),.PCURVE_S1.);
#1361 = LINE('',#1362,#1363);
#1362 = CARTESIAN_POINT('',(-48.,-43.,37.9));
#1363 = VECTOR('',#1364,1.);
#1364 = DIRECTION('',(-1.,-0.,-0.));
#1365 = PCURVE('',#339,#1366);
#1366 = DEFINITIONAL_REPRESENTATION('',(#1367),#1371);
#1367 = LINE('',#1368,#1369);
#1368 = CARTESIAN_POINT('',(0.,14.));
#1369 = VECTOR('',#1370,1.);
#1370 = DIRECTION('',(-1.,0.));
#1371 = ( GEOMETRIC_REPRESENTATION_CONTEXT(2) 
PARAMETRIC_REPRESENTATION_CONTEXT() REPRESENTATION_CONTEXT('2D SPACE',''
  ) );
#1372 = PCURVE('',#315,#1373);
#1373 = DEFINITIONAL_REPRESENTATION('',(#1374),#1378);
#1374 = LINE('',#1375,#1376);
#1375 = CARTESIAN_POINT('',(-0.,-0.));
#1376 = VECTOR('',#1377,1.);
#1377 = DIRECTION('',(-0.,1.));
#1378 = ( GEOMETRIC_REPRESENTATION_CONTEXT(2) 
PARAMETRIC_REPRESENTATION_CONTEXT() REPRESENTATION_CONTEXT('2D SPACE',''
  ) );
#1379 = ORIENTED_EDGE('',*,*,#1380,.F.);
#1380 = EDGE_CURVE('',#1289,#1358,#1381,.T.);
#1381 = SURFACE_CURVE('',#1382,(#1386,#1392),.PCURVE_S1.);
#1382 = LINE('',#1383,#1384);
#1383 = CARTESIAN_POINT('',(-50.,-66.,37.9));
#1384 = VECTOR('',#1385,1.);
#1385 = DIRECTION('',(0.,1.,0.));
#1386 = PCURVE('',#339,#1387);
#1387 = DEFINITIONAL_REPRESENTATION('',(#1388),#1391);
#1388 = B_SPLINE_CURVE_WITH_KNOTS('',1,(#1389,#1390),.UNSPECIFIED.,.F.,
  .F.,(2,2),(9.,23.),.PIECEWISE_BEZIER_KNOTS.);
#1389 = CARTESIAN_POINT('',(-2.,0.));
#1390 = CARTESIAN_POINT('',(-2.,14.));
#1391 = ( GEOMETRIC_REPRESENTATION_CONTEXT(2) 
PARAMETRIC_REPRESENTATION_CONTEXT() REPRESENTATION_CONTEXT('2D SPACE',''
  ) );
#1392 = PCURVE('',#595,#1393);
#1393 = DEFINITIONAL_REPRESENTATION('',(#1394),#1397);
#1394 = B_SPLINE_CURVE_WITH_KNOTS('',1,(#1395,#1396),.UNSPECIFIED.,.F.,
  .F.,(2,2),(9.,23.),.PIECEWISE_BEZIER_KNOTS.);
#1395 = CARTESIAN_POINT('',(35.4,-18.));
#1396 = CARTESIAN_POINT('',(35.4,-32.));
#1397 = ( GEOMETRIC_REPRESENTATION_CONTEXT(2) 
PARAMETRIC_REPRESENTATION_CONTEXT() REPRESENTATION_CONTEXT('2D SPACE',''
  ) );
#1398 = ORIENTED_EDGE('',*,*,#1288,.T.);
#1399 = ORIENTED_EDGE('',*,*,#326,.T.);
#1400 = ADVANCED_FACE('',(#1401),#315,.F.);
#1401 = FACE_BOUND('',#1402,.T.);
#1402 = EDGE_LOOP('',(#1403,#1404,#1425,#1446));
#1403 = ORIENTED_EDGE('',*,*,#1357,.F.);
#1404 = ORIENTED_EDGE('',*,*,#1405,.F.);
#1405 = EDGE_CURVE('',#1406,#1358,#1408,.T.);
#1406 = VERTEX_POINT('',#1407);
#1407 = CARTESIAN_POINT('',(-50.,-43.,41.1));
#1408 = SURFACE_CURVE('',#1409,(#1413,#1419),.PCURVE_S1.);
#1409 = LINE('',#1410,#1411);
#1410 = CARTESIAN_POINT('',(-50.,-43.,20.2));
#1411 = VECTOR('',#1412,1.);
#1412 = DIRECTION('',(0.,-0.,-1.));
#1413 = PCURVE('',#315,#1414);
#1414 = DEFINITIONAL_REPRESENTATION('',(#1415),#1418);
#1415 = B_SPLINE_CURVE_WITH_KNOTS('',1,(#1416,#1417),.UNSPECIFIED.,.F.,
  .F.,(2,2),(-20.9,-17.7),.PIECEWISE_BEZIER_KNOTS.);
#1416 = CARTESIAN_POINT('',(-3.2,2.));
#1417 = CARTESIAN_POINT('',(0.,2.));
#1418 = ( GEOMETRIC_REPRESENTATION_CONTEXT(2) 
PARAMETRIC_REPRESENTATION_CONTEXT() REPRESENTATION_CONTEXT('2D SPACE',''
  ) );
#1419 = PCURVE('',#595,#1420);
#1420 = DEFINITIONAL_REPRESENTATION('',(#1421),#1424);
#1421 = B_SPLINE_CURVE_WITH_KNOTS('',1,(#1422,#1423),.UNSPECIFIED.,.F.,
  .F.,(2,2),(-20.9,-17.7),.PIECEWISE_BEZIER_KNOTS.);
#1422 = CARTESIAN_POINT('',(38.6,-32.));
#1423 = CARTESIAN_POINT('',(35.4,-32.));
#1424 = ( GEOMETRIC_REPRESENTATION_CONTEXT(2) 
PARAMETRIC_REPRESENTATION_CONTEXT() REPRESENTATION_CONTEXT('2D SPACE',''
  ) );
#1425 = ORIENTED_EDGE('',*,*,#1426,.T.);
#1426 = EDGE_CURVE('',#1406,#275,#1427,.T.);
#1427 = SURFACE_CURVE('',#1428,(#1432,#1439),.PCURVE_S1.);
#1428 = LINE('',#1429,#1430);
#1429 = CARTESIAN_POINT('',(-48.,-43.,41.1));
#1430 = VECTOR('',#1431,1.);
#1431 = DIRECTION('',(-1.,-0.,-0.));
#1432 = PCURVE('',#315,#1433);
#1433 = DEFINITIONAL_REPRESENTATION('',(#1434),#1438);
#1434 = LINE('',#1435,#1436);
#1435 = CARTESIAN_POINT('',(-3.2,-0.));
#1436 = VECTOR('',#1437,1.);
#1437 = DIRECTION('',(-0.,1.));
#1438 = ( GEOMETRIC_REPRESENTATION_CONTEXT(2) 
PARAMETRIC_REPRESENTATION_CONTEXT() REPRESENTATION_CONTEXT('2D SPACE',''
  ) );
#1439 = PCURVE('',#289,#1440);
#1440 = DEFINITIONAL_REPRESENTATION('',(#1441),#1445);
#1441 = LINE('',#1442,#1443);
#1442 = CARTESIAN_POINT('',(0.,14.));
#1443 = VECTOR('',#1444,1.);
#1444 = DIRECTION('',(-1.,0.));
#1445 = ( GEOMETRIC_REPRESENTATION_CONTEXT(2) 
PARAMETRIC_REPRESENTATION_CONTEXT() REPRESENTATION_CONTEXT('2D SPACE',''
  ) );
#1446 = ORIENTED_EDGE('',*,*,#300,.T.);
#1447 = ADVANCED_FACE('',(#1448),#289,.F.);
#1448 = FACE_BOUND('',#1449,.T.);
#1449 = EDGE_LOOP('',(#1450,#1451,#1470,#1471));
#1450 = ORIENTED_EDGE('',*,*,#1426,.F.);
#1451 = ORIENTED_EDGE('',*,*,#1452,.F.);
#1452 = EDGE_CURVE('',#1312,#1406,#1453,.T.);
#1453 = SURFACE_CURVE('',#1454,(#1458,#1464),.PCURVE_S1.);
#1454 = LINE('',#1455,#1456);
#1455 = CARTESIAN_POINT('',(-50.,-66.,41.1));
#1456 = VECTOR('',#1457,1.);
#1457 = DIRECTION('',(0.,1.,0.));
#1458 = PCURVE('',#289,#1459);
#1459 = DEFINITIONAL_REPRESENTATION('',(#1460),#1463);
#1460 = B_SPLINE_CURVE_WITH_KNOTS('',1,(#1461,#1462),.UNSPECIFIED.,.F.,
  .F.,(2,2),(9.,23.),.PIECEWISE_BEZIER_KNOTS.);
#1461 = CARTESIAN_POINT('',(-2.,0.));
#1462 = CARTESIAN_POINT('',(-2.,14.));
#1463 = ( GEOMETRIC_REPRESENTATION_CONTEXT(2) 
PARAMETRIC_REPRESENTATION_CONTEXT() REPRESENTATION_CONTEXT('2D SPACE',''
  ) );
#1464 = PCURVE('',#595,#1465);
#1465 = DEFINITIONAL_REPRESENTATION('',(#1466),#1469);
#1466 = B_SPLINE_CURVE_WITH_KNOTS('',1,(#1467,#1468),.UNSPECIFIED.,.F.,
  .F.,(2,2),(9.,23.),.PIECEWISE_BEZIER_KNOTS.);
#1467 = CARTESIAN_POINT('',(38.6,-18.));
#1468 = CARTESIAN_POINT('',(38.6,-32.));
#1469 = ( GEOMETRIC_REPRESENTATION_CONTEXT(2) 
PARAMETRIC_REPRESENTATION_CONTEXT() REPRESENTATION_CONTEXT('2D SPACE',''
  ) );
#1470 = ORIENTED_EDGE('',*,*,#1332,.T.);
#1471 = ORIENTED_EDGE('',*,*,#274,.T.);
#1472 = ADVANCED_FACE('',(#1473,#1499),#394,.F.);
#1473 = FACE_BOUND('',#1474,.F.);
#1474 = EDGE_LOOP('',(#1475,#1476,#1477,#1478));
#1475 = ORIENTED_EDGE('',*,*,#765,.F.);
#1476 = ORIENTED_EDGE('',*,*,#683,.T.);
#1477 = ORIENTED_EDGE('',*,*,#378,.T.);
#1478 = ORIENTED_EDGE('',*,*,#1479,.F.);
#1479 = EDGE_CURVE('',#766,#379,#1480,.T.);
#1480 = SURFACE_CURVE('',#1481,(#1485,#1492),.PCURVE_S1.);
#1481 = LINE('',#1482,#1483);
#1482 = CARTESIAN_POINT('',(48.5,-77.5,0.));
#1483 = VECTOR('',#1484,1.);
#1484 = DIRECTION('',(0.,0.,1.));
#1485 = PCURVE('',#394,#1486);
#1486 = DEFINITIONAL_REPRESENTATION('',(#1487),#1491);
#1487 = LINE('',#1488,#1489);
#1488 = CARTESIAN_POINT('',(0.,101.));
#1489 = VECTOR('',#1490,1.);
#1490 = DIRECTION('',(1.,0.));
#1491 = ( GEOMETRIC_REPRESENTATION_CONTEXT(2) 
PARAMETRIC_REPRESENTATION_CONTEXT() REPRESENTATION_CONTEXT('2D SPACE',''
  ) );
#1492 = PCURVE('',#423,#1493);
#1493 = DEFINITIONAL_REPRESENTATION('',(#1494),#1498);
#1494 = LINE('',#1495,#1496);
#1495 = CARTESIAN_POINT('',(0.,0.));
#1496 = VECTOR('',#1497,1.);
#1497 = DIRECTION('',(0.,1.));
#1498 = ( GEOMETRIC_REPRESENTATION_CONTEXT(2) 
PARAMETRIC_REPRESENTATION_CONTEXT() REPRESENTATION_CONTEXT('2D SPACE',''
  ) );
#1499 = FACE_BOUND('',#1500,.F.);
#1500 = EDGE_LOOP('',(#1501));
#1501 = ORIENTED_EDGE('',*,*,#1502,.T.);
#1502 = EDGE_CURVE('',#1503,#1503,#1505,.T.);
#1503 = VERTEX_POINT('',#1504);
#1504 = CARTESIAN_POINT('',(10.5,-77.5,23.5));
#1505 = SURFACE_CURVE('',#1506,(#1511,#1522),.PCURVE_S1.);
#1506 = CIRCLE('',#1507,10.5);
#1507 = AXIS2_PLACEMENT_3D('',#1508,#1509,#1510);
#1508 = CARTESIAN_POINT('',(0.,-77.5,23.5));
#1509 = DIRECTION('',(0.,-1.,0.));
#1510 = DIRECTION('',(1.,0.,0.));
#1511 = PCURVE('',#394,#1512);
#1512 = DEFINITIONAL_REPRESENTATION('',(#1513),#1521);
#1513 = ( BOUNDED_CURVE() B_SPLINE_CURVE(2,(#1514,#1515,#1516,#1517,
#1518,#1519,#1520),.UNSPECIFIED.,.T.,.F.) B_SPLINE_CURVE_WITH_KNOTS((1,2
    ,2,2,2,1),(-2.094395102393,0.,2.094395102393,4.188790204786,
6.28318530718,8.377580409573),.UNSPECIFIED.) CURVE() 
GEOMETRIC_REPRESENTATION_ITEM() RATIONAL_B_SPLINE_CURVE((1.,0.5,1.,0.5,
1.,0.5,1.)) REPRESENTATION_ITEM('') );
#1514 = CARTESIAN_POINT('',(23.5,63.));
#1515 = CARTESIAN_POINT('',(41.686533479473,63.));
#1516 = CARTESIAN_POINT('',(32.593266739737,47.25));
#1517 = CARTESIAN_POINT('',(23.5,31.5));
#1518 = CARTESIAN_POINT('',(14.406733260263,47.25));
#1519 = CARTESIAN_POINT('',(5.313466520527,63.));
#1520 = CARTESIAN_POINT('',(23.5,63.));
#1521 = ( GEOMETRIC_REPRESENTATION_CONTEXT(2) 
PARAMETRIC_REPRESENTATION_CONTEXT() REPRESENTATION_CONTEXT('2D SPACE',''
  ) );
#1522 = PCURVE('',#1523,#1528);
#1523 = CYLINDRICAL_SURFACE('',#1524,10.5);
#1524 = AXIS2_PLACEMENT_3D('',#1525,#1526,#1527);
#1525 = CARTESIAN_POINT('',(0.,-73.,23.5));
#1526 = DIRECTION('',(0.,-1.,0.));
#1527 = DIRECTION('',(1.,0.,0.));
#1528 = DEFINITIONAL_REPRESENTATION('',(#1529),#1533);
#1529 = LINE('',#1530,#1531);
#1530 = CARTESIAN_POINT('',(0.,4.5));
#1531 = VECTOR('',#1532,1.);
#1532 = DIRECTION('',(1.,0.));
#1533 = ( GEOMETRIC_REPRESENTATION_CONTEXT(2) 
PARAMETRIC_REPRESENTATION_CONTEXT() REPRESENTATION_CONTEXT('2D SPACE',''
  ) );
#1534 = ADVANCED_FACE('',(#1535),#512,.T.);
#1535 = FACE_BOUND('',#1536,.T.);
#1536 = EDGE_LOOP('',(#1537,#1538,#1539,#1540));
#1537 = ORIENTED_EDGE('',*,*,#863,.F.);
#1538 = ORIENTED_EDGE('',*,*,#737,.T.);
#1539 = ORIENTED_EDGE('',*,*,#496,.T.);
#1540 = ORIENTED_EDGE('',*,*,#1541,.F.);
#1541 = EDGE_CURVE('',#836,#464,#1542,.T.);
#1542 = SURFACE_CURVE('',#1543,(#1547,#1554),.PCURVE_S1.);
#1543 = LINE('',#1544,#1545);
#1544 = CARTESIAN_POINT('',(48.5,77.5,0.));
#1545 = VECTOR('',#1546,1.);
#1546 = DIRECTION('',(0.,0.,1.));
#1547 = PCURVE('',#512,#1548);
#1548 = DEFINITIONAL_REPRESENTATION('',(#1549),#1553);
#1549 = LINE('',#1550,#1551);
#1550 = CARTESIAN_POINT('',(0.,101.));
#1551 = VECTOR('',#1552,1.);
#1552 = DIRECTION('',(1.,0.));
#1553 = ( GEOMETRIC_REPRESENTATION_CONTEXT(2) 
PARAMETRIC_REPRESENTATION_CONTEXT() REPRESENTATION_CONTEXT('2D SPACE',''
  ) );
#1554 = PCURVE('',#484,#1555);
#1555 = DEFINITIONAL_REPRESENTATION('',(#1556),#1560);
#1556 = LINE('',#1557,#1558);
#1557 = CARTESIAN_POINT('',(-0.,0.));
#1558 = VECTOR('',#1559,1.);
#1559 = DIRECTION('',(-0.,1.));
#1560 = ( GEOMETRIC_REPRESENTATION_CONTEXT(2) 
PARAMETRIC_REPRESENTATION_CONTEXT() REPRESENTATION_CONTEXT('2D SPACE',''
  ) );
#1561 = ADVANCED_FACE('',(#1562),#423,.T.);
#1562 = FACE_BOUND('',#1563,.T.);
#1563 = EDGE_LOOP('',(#1564,#1565,#1586,#1587));
#1564 = ORIENTED_EDGE('',*,*,#788,.T.);
#1565 = ORIENTED_EDGE('',*,*,#1566,.T.);
#1566 = EDGE_CURVE('',#789,#407,#1567,.T.);
#1567 = SURFACE_CURVE('',#1568,(#1572,#1579),.PCURVE_S1.);
#1568 = LINE('',#1569,#1570);
#1569 = CARTESIAN_POINT('',(52.5,-73.5,0.));
#1570 = VECTOR('',#1571,1.);
#1571 = DIRECTION('',(0.,0.,1.));
#1572 = PCURVE('',#423,#1573);
#1573 = DEFINITIONAL_REPRESENTATION('',(#1574),#1578);
#1574 = LINE('',#1575,#1576);
#1575 = CARTESIAN_POINT('',(1.570796326795,0.));
#1576 = VECTOR('',#1577,1.);
#1577 = DIRECTION('',(0.,1.));
#1578 = ( GEOMETRIC_REPRESENTATION_CONTEXT(2) 
PARAMETRIC_REPRESENTATION_CONTEXT() REPRESENTATION_CONTEXT('2D SPACE',''
  ) );
#1579 = PCURVE('',#451,#1580);
#1580 = DEFINITIONAL_REPRESENTATION('',(#1581),#1585);
#1581 = LINE('',#1582,#1583);
#1582 = CARTESIAN_POINT('',(0.,-4.));
#1583 = VECTOR('',#1584,1.);
#1584 = DIRECTION('',(1.,0.));
#1585 = ( GEOMETRIC_REPRESENTATION_CONTEXT(2) 
PARAMETRIC_REPRESENTATION_CONTEXT() REPRESENTATION_CONTEXT('2D SPACE',''
  ) );
#1586 = ORIENTED_EDGE('',*,*,#406,.F.);
#1587 = ORIENTED_EDGE('',*,*,#1479,.F.);
#1588 = ADVANCED_FACE('',(#1589),#484,.T.);
#1589 = FACE_BOUND('',#1590,.F.);
#1590 = EDGE_LOOP('',(#1591,#1592,#1613,#1614));
#1591 = ORIENTED_EDGE('',*,*,#835,.T.);
#1592 = ORIENTED_EDGE('',*,*,#1593,.T.);
#1593 = EDGE_CURVE('',#813,#436,#1594,.T.);
#1594 = SURFACE_CURVE('',#1595,(#1599,#1606),.PCURVE_S1.);
#1595 = LINE('',#1596,#1597);
#1596 = CARTESIAN_POINT('',(52.5,73.5,0.));
#1597 = VECTOR('',#1598,1.);
#1598 = DIRECTION('',(0.,0.,1.));
#1599 = PCURVE('',#484,#1600);
#1600 = DEFINITIONAL_REPRESENTATION('',(#1601),#1605);
#1601 = LINE('',#1602,#1603);
#1602 = CARTESIAN_POINT('',(-1.570796326795,0.));
#1603 = VECTOR('',#1604,1.);
#1604 = DIRECTION('',(-0.,1.));
#1605 = ( GEOMETRIC_REPRESENTATION_CONTEXT(2) 
PARAMETRIC_REPRESENTATION_CONTEXT() REPRESENTATION_CONTEXT('2D SPACE',''
  ) );
#1606 = PCURVE('',#451,#1607);
#1607 = DEFINITIONAL_REPRESENTATION('',(#1608),#1612);
#1608 = LINE('',#1609,#1610);
#1609 = CARTESIAN_POINT('',(0.,-151.));
#1610 = VECTOR('',#1611,1.);
#1611 = DIRECTION('',(1.,0.));
#1612 = ( GEOMETRIC_REPRESENTATION_CONTEXT(2) 
PARAMETRIC_REPRESENTATION_CONTEXT() REPRESENTATION_CONTEXT('2D SPACE',''
  ) );
#1613 = ORIENTED_EDGE('',*,*,#463,.F.);
#1614 = ORIENTED_EDGE('',*,*,#1541,.F.);
#1615 = ADVANCED_FACE('',(#1616,#1622,#1728),#451,.T.);
#1616 = FACE_BOUND('',#1617,.T.);
#1617 = EDGE_LOOP('',(#1618,#1619,#1620,#1621));
#1618 = ORIENTED_EDGE('',*,*,#435,.F.);
#1619 = ORIENTED_EDGE('',*,*,#1566,.F.);
#1620 = ORIENTED_EDGE('',*,*,#812,.T.);
#1621 = ORIENTED_EDGE('',*,*,#1593,.T.);
#1622 = FACE_BOUND('',#1623,.T.);
#1623 = EDGE_LOOP('',(#1624,#1652,#1678,#1704));
#1624 = ORIENTED_EDGE('',*,*,#1625,.T.);
#1625 = EDGE_CURVE('',#1626,#1628,#1630,.T.);
#1626 = VERTEX_POINT('',#1627);
#1627 = CARTESIAN_POINT('',(52.5,57.,37.9));
#1628 = VERTEX_POINT('',#1629);
#1629 = CARTESIAN_POINT('',(52.5,43.,37.9));
#1630 = SURFACE_CURVE('',#1631,(#1635,#1641),.PCURVE_S1.);
#1631 = LINE('',#1632,#1633);
#1632 = CARTESIAN_POINT('',(52.5,-17.25,37.9));
#1633 = VECTOR('',#1634,1.);
#1634 = DIRECTION('',(0.,-1.,0.));
#1635 = PCURVE('',#451,#1636);
#1636 = DEFINITIONAL_REPRESENTATION('',(#1637),#1640);
#1637 = B_SPLINE_CURVE_WITH_KNOTS('',1,(#1638,#1639),.UNSPECIFIED.,.F.,
  .F.,(2,2),(-74.25,-60.25),.PIECEWISE_BEZIER_KNOTS.);
#1638 = CARTESIAN_POINT('',(37.9,-134.5));
#1639 = CARTESIAN_POINT('',(37.9,-120.5));
#1640 = ( GEOMETRIC_REPRESENTATION_CONTEXT(2) 
PARAMETRIC_REPRESENTATION_CONTEXT() REPRESENTATION_CONTEXT('2D SPACE',''
  ) );
#1641 = PCURVE('',#1642,#1647);
#1642 = PLANE('',#1643);
#1643 = AXIS2_PLACEMENT_3D('',#1644,#1645,#1646);
#1644 = CARTESIAN_POINT('',(48.,43.,37.9));
#1645 = DIRECTION('',(0.,0.,1.));
#1646 = DIRECTION('',(1.,0.,-0.));
#1647 = DEFINITIONAL_REPRESENTATION('',(#1648),#1651);
#1648 = B_SPLINE_CURVE_WITH_KNOTS('',1,(#1649,#1650),.UNSPECIFIED.,.F.,
  .F.,(2,2),(-74.25,-60.25),.PIECEWISE_BEZIER_KNOTS.);
#1649 = CARTESIAN_POINT('',(4.5,14.));
#1650 = CARTESIAN_POINT('',(4.5,0.));
#1651 = ( GEOMETRIC_REPRESENTATION_CONTEXT(2) 
PARAMETRIC_REPRESENTATION_CONTEXT() REPRESENTATION_CONTEXT('2D SPACE',''
  ) );
#1652 = ORIENTED_EDGE('',*,*,#1653,.T.);
#1653 = EDGE_CURVE('',#1628,#1654,#1656,.T.);
#1654 = VERTEX_POINT('',#1655);
#1655 = CARTESIAN_POINT('',(52.5,43.,41.1));
#1656 = SURFACE_CURVE('',#1657,(#1661,#1667),.PCURVE_S1.);
#1657 = LINE('',#1658,#1659);
#1658 = CARTESIAN_POINT('',(52.5,43.,18.95));
#1659 = VECTOR('',#1660,1.);
#1660 = DIRECTION('',(0.,0.,1.));
#1661 = PCURVE('',#451,#1662);
#1662 = DEFINITIONAL_REPRESENTATION('',(#1663),#1666);
#1663 = B_SPLINE_CURVE_WITH_KNOTS('',1,(#1664,#1665),.UNSPECIFIED.,.F.,
  .F.,(2,2),(18.95,22.15),.PIECEWISE_BEZIER_KNOTS.);
#1664 = CARTESIAN_POINT('',(37.9,-120.5));
#1665 = CARTESIAN_POINT('',(41.1,-120.5));
#1666 = ( GEOMETRIC_REPRESENTATION_CONTEXT(2) 
PARAMETRIC_REPRESENTATION_CONTEXT() REPRESENTATION_CONTEXT('2D SPACE',''
  ) );
#1667 = PCURVE('',#1668,#1673);
#1668 = PLANE('',#1669);
#1669 = AXIS2_PLACEMENT_3D('',#1670,#1671,#1672);
#1670 = CARTESIAN_POINT('',(48.,43.,37.9));
#1671 = DIRECTION('',(-0.,1.,0.));
#1672 = DIRECTION('',(0.,0.,1.));
#1673 = DEFINITIONAL_REPRESENTATION('',(#1674),#1677);
#1674 = B_SPLINE_CURVE_WITH_KNOTS('',1,(#1675,#1676),.UNSPECIFIED.,.F.,
  .F.,(2,2),(18.95,22.15),.PIECEWISE_BEZIER_KNOTS.);
#1675 = CARTESIAN_POINT('',(0.,4.5));
#1676 = CARTESIAN_POINT('',(3.2,4.5));
#1677 = ( GEOMETRIC_REPRESENTATION_CONTEXT(2) 
PARAMETRIC_REPRESENTATION_CONTEXT() REPRESENTATION_CONTEXT('2D SPACE',''
  ) );
#1678 = ORIENTED_EDGE('',*,*,#1679,.F.);
#1679 = EDGE_CURVE('',#1680,#1654,#1682,.T.);
#1680 = VERTEX_POINT('',#1681);
#1681 = CARTESIAN_POINT('',(52.5,57.,41.1));
#1682 = SURFACE_CURVE('',#1683,(#1687,#1693),.PCURVE_S1.);
#1683 = LINE('',#1684,#1685);
#1684 = CARTESIAN_POINT('',(52.5,-17.25,41.1));
#1685 = VECTOR('',#1686,1.);
#1686 = DIRECTION('',(0.,-1.,0.));
#1687 = PCURVE('',#451,#1688);
#1688 = DEFINITIONAL_REPRESENTATION('',(#1689),#1692);
#1689 = B_SPLINE_CURVE_WITH_KNOTS('',1,(#1690,#1691),.UNSPECIFIED.,.F.,
  .F.,(2,2),(-74.25,-60.25),.PIECEWISE_BEZIER_KNOTS.);
#1690 = CARTESIAN_POINT('',(41.1,-134.5));
#1691 = CARTESIAN_POINT('',(41.1,-120.5));
#1692 = ( GEOMETRIC_REPRESENTATION_CONTEXT(2) 
PARAMETRIC_REPRESENTATION_CONTEXT() REPRESENTATION_CONTEXT('2D SPACE',''
  ) );
#1693 = PCURVE('',#1694,#1699);
#1694 = PLANE('',#1695);
#1695 = AXIS2_PLACEMENT_3D('',#1696,#1697,#1698);
#1696 = CARTESIAN_POINT('',(48.,43.,41.1));
#1697 = DIRECTION('',(0.,0.,1.));
#1698 = DIRECTION('',(1.,0.,-0.));
#1699 = DEFINITIONAL_REPRESENTATION('',(#1700),#1703);
#1700 = B_SPLINE_CURVE_WITH_KNOTS('',1,(#1701,#1702),.UNSPECIFIED.,.F.,
  .F.,(2,2),(-74.25,-60.25),.PIECEWISE_BEZIER_KNOTS.);
#1701 = CARTESIAN_POINT('',(4.5,14.));
#1702 = CARTESIAN_POINT('',(4.5,0.));
#1703 = ( GEOMETRIC_REPRESENTATION_CONTEXT(2) 
PARAMETRIC_REPRESENTATION_CONTEXT() REPRESENTATION_CONTEXT('2D SPACE',''
  ) );
#1704 = ORIENTED_EDGE('',*,*,#1705,.F.);
#1705 = EDGE_CURVE('',#1626,#1680,#1706,.T.);
#1706 = SURFACE_CURVE('',#1707,(#1711,#1717),.PCURVE_S1.);
#1707 = LINE('',#1708,#1709);
#1708 = CARTESIAN_POINT('',(52.5,57.,18.95));
#1709 = VECTOR('',#1710,1.);
#1710 = DIRECTION('',(0.,0.,1.));
#1711 = PCURVE('',#451,#1712);
#1712 = DEFINITIONAL_REPRESENTATION('',(#1713),#1716);
#1713 = B_SPLINE_CURVE_WITH_KNOTS('',1,(#1714,#1715),.UNSPECIFIED.,.F.,
  .F.,(2,2),(18.95,22.15),.PIECEWISE_BEZIER_KNOTS.);
#1714 = CARTESIAN_POINT('',(37.9,-134.5));
#1715 = CARTESIAN_POINT('',(41.1,-134.5));
#1716 = ( GEOMETRIC_REPRESENTATION_CONTEXT(2) 
PARAMETRIC_REPRESENTATION_CONTEXT() REPRESENTATION_CONTEXT('2D SPACE',''
  ) );
#1717 = PCURVE('',#1718,#1723);
#1718 = PLANE('',#1719);
#1719 = AXIS2_PLACEMENT_3D('',#1720,#1721,#1722);
#1720 = CARTESIAN_POINT('',(48.,57.,37.9));
#1721 = DIRECTION('',(-0.,1.,0.));
#1722 = DIRECTION('',(0.,0.,1.));
#1723 = DEFINITIONAL_REPRESENTATION('',(#1724),#1727);
#1724 = B_SPLINE_CURVE_WITH_KNOTS('',1,(#1725,#1726),.UNSPECIFIED.,.F.,
  .F.,(2,2),(18.95,22.15),.PIECEWISE_BEZIER_KNOTS.);
#1725 = CARTESIAN_POINT('',(0.,4.5));
#1726 = CARTESIAN_POINT('',(3.2,4.5));
#1727 = ( GEOMETRIC_REPRESENTATION_CONTEXT(2) 
PARAMETRIC_REPRESENTATION_CONTEXT() REPRESENTATION_CONTEXT('2D SPACE',''
  ) );
#1728 = FACE_BOUND('',#1729,.T.);
#1729 = EDGE_LOOP('',(#1730,#1758,#1784,#1810));
#1730 = ORIENTED_EDGE('',*,*,#1731,.T.);
#1731 = EDGE_CURVE('',#1732,#1734,#1736,.T.);
#1732 = VERTEX_POINT('',#1733);
#1733 = CARTESIAN_POINT('',(52.5,-43.,37.9));
#1734 = VERTEX_POINT('',#1735);
#1735 = CARTESIAN_POINT('',(52.5,-57.,37.9));
#1736 = SURFACE_CURVE('',#1737,(#1741,#1747),.PCURVE_S1.);
#1737 = LINE('',#1738,#1739);
#1738 = CARTESIAN_POINT('',(52.5,-67.25,37.9));
#1739 = VECTOR('',#1740,1.);
#1740 = DIRECTION('',(0.,-1.,0.));
#1741 = PCURVE('',#451,#1742);
#1742 = DEFINITIONAL_REPRESENTATION('',(#1743),#1746);
#1743 = B_SPLINE_CURVE_WITH_KNOTS('',1,(#1744,#1745),.UNSPECIFIED.,.F.,
  .F.,(2,2),(-24.25,-10.25),.PIECEWISE_BEZIER_KNOTS.);
#1744 = CARTESIAN_POINT('',(37.9,-34.5));
#1745 = CARTESIAN_POINT('',(37.9,-20.5));
#1746 = ( GEOMETRIC_REPRESENTATION_CONTEXT(2) 
PARAMETRIC_REPRESENTATION_CONTEXT() REPRESENTATION_CONTEXT('2D SPACE',''
  ) );
#1747 = PCURVE('',#1748,#1753);
#1748 = PLANE('',#1749);
#1749 = AXIS2_PLACEMENT_3D('',#1750,#1751,#1752);
#1750 = CARTESIAN_POINT('',(48.,-57.,37.9));
#1751 = DIRECTION('',(0.,0.,1.));
#1752 = DIRECTION('',(1.,0.,-0.));
#1753 = DEFINITIONAL_REPRESENTATION('',(#1754),#1757);
#1754 = B_SPLINE_CURVE_WITH_KNOTS('',1,(#1755,#1756),.UNSPECIFIED.,.F.,
  .F.,(2,2),(-24.25,-10.25),.PIECEWISE_BEZIER_KNOTS.);
#1755 = CARTESIAN_POINT('',(4.5,14.));
#1756 = CARTESIAN_POINT('',(4.5,0.));
#1757 = ( GEOMETRIC_REPRESENTATION_CONTEXT(2) 
PARAMETRIC_REPRESENTATION_CONTEXT() REPRESENTATION_CONTEXT('2D SPACE',''
  ) );
#1758 = ORIENTED_EDGE('',*,*,#1759,.T.);
#1759 = EDGE_CURVE('',#1734,#1760,#1762,.T.);
#1760 = VERTEX_POINT('',#1761);
#1761 = CARTESIAN_POINT('',(52.5,-57.,41.1));
#1762 = SURFACE_CURVE('',#1763,(#1767,#1773),.PCURVE_S1.);
#1763 = LINE('',#1764,#1765);
#1764 = CARTESIAN_POINT('',(52.5,-57.,18.95));
#1765 = VECTOR('',#1766,1.);
#1766 = DIRECTION('',(0.,0.,1.));
#1767 = PCURVE('',#451,#1768);
#1768 = DEFINITIONAL_REPRESENTATION('',(#1769),#1772);
#1769 = B_SPLINE_CURVE_WITH_KNOTS('',1,(#1770,#1771),.UNSPECIFIED.,.F.,
  .F.,(2,2),(18.95,22.15),.PIECEWISE_BEZIER_KNOTS.);
#1770 = CARTESIAN_POINT('',(37.9,-20.5));
#1771 = CARTESIAN_POINT('',(41.1,-20.5));
#1772 = ( GEOMETRIC_REPRESENTATION_CONTEXT(2) 
PARAMETRIC_REPRESENTATION_CONTEXT() REPRESENTATION_CONTEXT('2D SPACE',''
  ) );
#1773 = PCURVE('',#1774,#1779);
#1774 = PLANE('',#1775);
#1775 = AXIS2_PLACEMENT_3D('',#1776,#1777,#1778);
#1776 = CARTESIAN_POINT('',(48.,-57.,37.9));
#1777 = DIRECTION('',(-0.,1.,0.));
#1778 = DIRECTION('',(0.,0.,1.));
#1779 = DEFINITIONAL_REPRESENTATION('',(#1780),#1783);
#1780 = B_SPLINE_CURVE_WITH_KNOTS('',1,(#1781,#1782),.UNSPECIFIED.,.F.,
  .F.,(2,2),(18.95,22.15),.PIECEWISE_BEZIER_KNOTS.);
#1781 = CARTESIAN_POINT('',(0.,4.5));
#1782 = CARTESIAN_POINT('',(3.2,4.5));
#1783 = ( GEOMETRIC_REPRESENTATION_CONTEXT(2) 
PARAMETRIC_REPRESENTATION_CONTEXT() REPRESENTATION_CONTEXT('2D SPACE',''
  ) );
#1784 = ORIENTED_EDGE('',*,*,#1785,.F.);
#1785 = EDGE_CURVE('',#1786,#1760,#1788,.T.);
#1786 = VERTEX_POINT('',#1787);
#1787 = CARTESIAN_POINT('',(52.5,-43.,41.1));
#1788 = SURFACE_CURVE('',#1789,(#1793,#1799),.PCURVE_S1.);
#1789 = LINE('',#1790,#1791);
#1790 = CARTESIAN_POINT('',(52.5,-67.25,41.1));
#1791 = VECTOR('',#1792,1.);
#1792 = DIRECTION('',(0.,-1.,0.));
#1793 = PCURVE('',#451,#1794);
#1794 = DEFINITIONAL_REPRESENTATION('',(#1795),#1798);
#1795 = B_SPLINE_CURVE_WITH_KNOTS('',1,(#1796,#1797),.UNSPECIFIED.,.F.,
  .F.,(2,2),(-24.25,-10.25),.PIECEWISE_BEZIER_KNOTS.);
#1796 = CARTESIAN_POINT('',(41.1,-34.5));
#1797 = CARTESIAN_POINT('',(41.1,-20.5));
#1798 = ( GEOMETRIC_REPRESENTATION_CONTEXT(2) 
PARAMETRIC_REPRESENTATION_CONTEXT() REPRESENTATION_CONTEXT('2D SPACE',''
  ) );
#1799 = PCURVE('',#1800,#1805);
#1800 = PLANE('',#1801);
#1801 = AXIS2_PLACEMENT_3D('',#1802,#1803,#1804);
#1802 = CARTESIAN_POINT('',(48.,-57.,41.1));
#1803 = DIRECTION('',(0.,0.,1.));
#1804 = DIRECTION('',(1.,0.,-0.));
#1805 = DEFINITIONAL_REPRESENTATION('',(#1806),#1809);
#1806 = B_SPLINE_CURVE_WITH_KNOTS('',1,(#1807,#1808),.UNSPECIFIED.,.F.,
  .F.,(2,2),(-24.25,-10.25),.PIECEWISE_BEZIER_KNOTS.);
#1807 = CARTESIAN_POINT('',(4.5,14.));
#1808 = CARTESIAN_POINT('',(4.5,0.));
#1809 = ( GEOMETRIC_REPRESENTATION_CONTEXT(2) 
PARAMETRIC_REPRESENTATION_CONTEXT() REPRESENTATION_CONTEXT('2D SPACE',''
  ) );
#1810 = ORIENTED_EDGE('',*,*,#1811,.F.);
#1811 = EDGE_CURVE('',#1732,#1786,#1812,.T.);
#1812 = SURFACE_CURVE('',#1813,(#1817,#1823),.PCURVE_S1.);
#1813 = LINE('',#1814,#1815);
#1814 = CARTESIAN_POINT('',(52.5,-43.,18.95));
#1815 = VECTOR('',#1816,1.);
#1816 = DIRECTION('',(0.,0.,1.));
#1817 = PCURVE('',#451,#1818);
#1818 = DEFINITIONAL_REPRESENTATION('',(#1819),#1822);
#1819 = B_SPLINE_CURVE_WITH_KNOTS('',1,(#1820,#1821),.UNSPECIFIED.,.F.,
  .F.,(2,2),(18.95,22.15),.PIECEWISE_BEZIER_KNOTS.);
#1820 = CARTESIAN_POINT('',(37.9,-34.5));
#1821 = CARTESIAN_POINT('',(41.1,-34.5));
#1822 = ( GEOMETRIC_REPRESENTATION_CONTEXT(2) 
PARAMETRIC_REPRESENTATION_CONTEXT() REPRESENTATION_CONTEXT('2D SPACE',''
  ) );
#1823 = PCURVE('',#1824,#1829);
#1824 = PLANE('',#1825);
#1825 = AXIS2_PLACEMENT_3D('',#1826,#1827,#1828);
#1826 = CARTESIAN_POINT('',(48.,-43.,37.9));
#1827 = DIRECTION('',(-0.,1.,0.));
#1828 = DIRECTION('',(0.,0.,1.));
#1829 = DEFINITIONAL_REPRESENTATION('',(#1830),#1833);
#1830 = B_SPLINE_CURVE_WITH_KNOTS('',1,(#1831,#1832),.UNSPECIFIED.,.F.,
  .F.,(2,2),(18.95,22.15),.PIECEWISE_BEZIER_KNOTS.);
#1831 = CARTESIAN_POINT('',(0.,4.5));
#1832 = CARTESIAN_POINT('',(3.2,4.5));
#1833 = ( GEOMETRIC_REPRESENTATION_CONTEXT(2) 
PARAMETRIC_REPRESENTATION_CONTEXT() REPRESENTATION_CONTEXT('2D SPACE',''
  ) );
#1834 = ADVANCED_FACE('',(#1835,#1910),#569,.T.);
#1835 = FACE_BOUND('',#1836,.T.);
#1836 = EDGE_LOOP('',(#1837,#1860,#1888,#1909));
#1837 = ORIENTED_EDGE('',*,*,#1838,.F.);
#1838 = EDGE_CURVE('',#1839,#553,#1841,.T.);
#1839 = VERTEX_POINT('',#1840);
#1840 = CARTESIAN_POINT('',(50.,-75.,2.5));
#1841 = SURFACE_CURVE('',#1842,(#1846,#1853),.PCURVE_S1.);
#1842 = LINE('',#1843,#1844);
#1843 = CARTESIAN_POINT('',(50.,-75.,2.5));
#1844 = VECTOR('',#1845,1.);
#1845 = DIRECTION('',(0.,0.,1.));
#1846 = PCURVE('',#569,#1847);
#1847 = DEFINITIONAL_REPRESENTATION('',(#1848),#1852);
#1848 = LINE('',#1849,#1850);
#1849 = CARTESIAN_POINT('',(0.,100.));
#1850 = VECTOR('',#1851,1.);
#1851 = DIRECTION('',(1.,0.));
#1852 = ( GEOMETRIC_REPRESENTATION_CONTEXT(2) 
PARAMETRIC_REPRESENTATION_CONTEXT() REPRESENTATION_CONTEXT('2D SPACE',''
  ) );
#1853 = PCURVE('',#645,#1854);
#1854 = DEFINITIONAL_REPRESENTATION('',(#1855),#1859);
#1855 = LINE('',#1856,#1857);
#1856 = CARTESIAN_POINT('',(0.,0.));
#1857 = VECTOR('',#1858,1.);
#1858 = DIRECTION('',(1.,0.));
#1859 = ( GEOMETRIC_REPRESENTATION_CONTEXT(2) 
PARAMETRIC_REPRESENTATION_CONTEXT() REPRESENTATION_CONTEXT('2D SPACE',''
  ) );
#1860 = ORIENTED_EDGE('',*,*,#1861,.F.);
#1861 = EDGE_CURVE('',#1862,#1839,#1864,.T.);
#1862 = VERTEX_POINT('',#1863);
#1863 = CARTESIAN_POINT('',(-50.,-75.,2.5));
#1864 = SURFACE_CURVE('',#1865,(#1869,#1876),.PCURVE_S1.);
#1865 = LINE('',#1866,#1867);
#1866 = CARTESIAN_POINT('',(-50.,-75.,2.5));
#1867 = VECTOR('',#1868,1.);
#1868 = DIRECTION('',(1.,0.,-0.));
#1869 = PCURVE('',#569,#1870);
#1870 = DEFINITIONAL_REPRESENTATION('',(#1871),#1875);
#1871 = LINE('',#1872,#1873);
#1872 = CARTESIAN_POINT('',(0.,0.));
#1873 = VECTOR('',#1874,1.);
#1874 = DIRECTION('',(0.,1.));
#1875 = ( GEOMETRIC_REPRESENTATION_CONTEXT(2) 
PARAMETRIC_REPRESENTATION_CONTEXT() REPRESENTATION_CONTEXT('2D SPACE',''
  ) );
#1876 = PCURVE('',#1877,#1882);
#1877 = PLANE('',#1878);
#1878 = AXIS2_PLACEMENT_3D('',#1879,#1880,#1881);
#1879 = CARTESIAN_POINT('',(-50.,-75.,2.5));
#1880 = DIRECTION('',(0.,0.,1.));
#1881 = DIRECTION('',(1.,0.,-0.));
#1882 = DEFINITIONAL_REPRESENTATION('',(#1883),#1887);
#1883 = LINE('',#1884,#1885);
#1884 = CARTESIAN_POINT('',(0.,0.));
#1885 = VECTOR('',#1886,1.);
#1886 = DIRECTION('',(1.,0.));
#1887 = ( GEOMETRIC_REPRESENTATION_CONTEXT(2) 
PARAMETRIC_REPRESENTATION_CONTEXT() REPRESENTATION_CONTEXT('2D SPACE',''
  ) );
#1888 = ORIENTED_EDGE('',*,*,#1889,.T.);
#1889 = EDGE_CURVE('',#1862,#555,#1890,.T.);
#1890 = SURFACE_CURVE('',#1891,(#1895,#1902),.PCURVE_S1.);
#1891 = LINE('',#1892,#1893);
#1892 = CARTESIAN_POINT('',(-50.,-75.,2.5));
#1893 = VECTOR('',#1894,1.);
#1894 = DIRECTION('',(0.,0.,1.));
#1895 = PCURVE('',#569,#1896);
#1896 = DEFINITIONAL_REPRESENTATION('',(#1897),#1901);
#1897 = LINE('',#1898,#1899);
#1898 = CARTESIAN_POINT('',(0.,0.));
#1899 = VECTOR('',#1900,1.);
#1900 = DIRECTION('',(1.,0.));
#1901 = ( GEOMETRIC_REPRESENTATION_CONTEXT(2) 
PARAMETRIC_REPRESENTATION_CONTEXT() REPRESENTATION_CONTEXT('2D SPACE',''
  ) );
#1902 = PCURVE('',#595,#1903);
#1903 = DEFINITIONAL_REPRESENTATION('',(#1904),#1908);
#1904 = LINE('',#1905,#1906);
#1905 = CARTESIAN_POINT('',(0.,0.));
#1906 = VECTOR('',#1907,1.);
#1907 = DIRECTION('',(1.,0.));
#1908 = ( GEOMETRIC_REPRESENTATION_CONTEXT(2) 
PARAMETRIC_REPRESENTATION_CONTEXT() REPRESENTATION_CONTEXT('2D SPACE',''
  ) );
#1909 = ORIENTED_EDGE('',*,*,#552,.F.);
#1910 = FACE_BOUND('',#1911,.T.);
#1911 = EDGE_LOOP('',(#1912));
#1912 = ORIENTED_EDGE('',*,*,#1913,.T.);
#1913 = EDGE_CURVE('',#1914,#1914,#1916,.T.);
#1914 = VERTEX_POINT('',#1915);
#1915 = CARTESIAN_POINT('',(10.5,-75.,23.5));
#1916 = SURFACE_CURVE('',#1917,(#1922,#1933),.PCURVE_S1.);
#1917 = CIRCLE('',#1918,10.5);
#1918 = AXIS2_PLACEMENT_3D('',#1919,#1920,#1921);
#1919 = CARTESIAN_POINT('',(0.,-75.,23.5));
#1920 = DIRECTION('',(0.,-1.,0.));
#1921 = DIRECTION('',(1.,0.,0.));
#1922 = PCURVE('',#569,#1923);
#1923 = DEFINITIONAL_REPRESENTATION('',(#1924),#1932);
#1924 = ( BOUNDED_CURVE() B_SPLINE_CURVE(2,(#1925,#1926,#1927,#1928,
#1929,#1930,#1931),.UNSPECIFIED.,.T.,.F.) B_SPLINE_CURVE_WITH_KNOTS((1,2
    ,2,2,2,1),(-2.094395102393,0.,2.094395102393,4.188790204786,
6.28318530718,8.377580409573),.UNSPECIFIED.) CURVE() 
GEOMETRIC_REPRESENTATION_ITEM() RATIONAL_B_SPLINE_CURVE((1.,0.5,1.,0.5,
1.,0.5,1.)) REPRESENTATION_ITEM('') );
#1925 = CARTESIAN_POINT('',(21.,60.5));
#1926 = CARTESIAN_POINT('',(39.186533479473,60.5));
#1927 = CARTESIAN_POINT('',(30.093266739737,44.75));
#1928 = CARTESIAN_POINT('',(21.,29.));
#1929 = CARTESIAN_POINT('',(11.906733260263,44.75));
#1930 = CARTESIAN_POINT('',(2.813466520527,60.5));
#1931 = CARTESIAN_POINT('',(21.,60.5));
#1932 = ( GEOMETRIC_REPRESENTATION_CONTEXT(2) 
PARAMETRIC_REPRESENTATION_CONTEXT() REPRESENTATION_CONTEXT('2D SPACE',''
  ) );
#1933 = PCURVE('',#1523,#1934);
#1934 = DEFINITIONAL_REPRESENTATION('',(#1935),#1939);
#1935 = LINE('',#1936,#1937);
#1936 = CARTESIAN_POINT('',(0.,2.));
#1937 = VECTOR('',#1938,1.);
#1938 = DIRECTION('',(1.,0.));
#1939 = ( GEOMETRIC_REPRESENTATION_CONTEXT(2) 
PARAMETRIC_REPRESENTATION_CONTEXT() REPRESENTATION_CONTEXT('2D SPACE',''
  ) );
#1940 = ADVANCED_FACE('',(#1941,#1989,#2075),#645,.F.);
#1941 = FACE_BOUND('',#1942,.F.);
#1942 = EDGE_LOOP('',(#1943,#1944,#1967,#1988));
#1943 = ORIENTED_EDGE('',*,*,#1838,.F.);
#1944 = ORIENTED_EDGE('',*,*,#1945,.T.);
#1945 = EDGE_CURVE('',#1839,#1946,#1948,.T.);
#1946 = VERTEX_POINT('',#1947);
#1947 = CARTESIAN_POINT('',(50.,75.,2.5));
#1948 = SURFACE_CURVE('',#1949,(#1953,#1960),.PCURVE_S1.);
#1949 = LINE('',#1950,#1951);
#1950 = CARTESIAN_POINT('',(50.,-75.,2.5));
#1951 = VECTOR('',#1952,1.);
#1952 = DIRECTION('',(-0.,1.,0.));
#1953 = PCURVE('',#645,#1954);
#1954 = DEFINITIONAL_REPRESENTATION('',(#1955),#1959);
#1955 = LINE('',#1956,#1957);
#1956 = CARTESIAN_POINT('',(0.,0.));
#1957 = VECTOR('',#1958,1.);
#1958 = DIRECTION('',(0.,-1.));
#1959 = ( GEOMETRIC_REPRESENTATION_CONTEXT(2) 
PARAMETRIC_REPRESENTATION_CONTEXT() REPRESENTATION_CONTEXT('2D SPACE',''
  ) );
#1960 = PCURVE('',#1877,#1961);
#1961 = DEFINITIONAL_REPRESENTATION('',(#1962),#1966);
#1962 = LINE('',#1963,#1964);
#1963 = CARTESIAN_POINT('',(100.,0.));
#1964 = VECTOR('',#1965,1.);
#1965 = DIRECTION('',(0.,1.));
#1966 = ( GEOMETRIC_REPRESENTATION_CONTEXT(2) 
PARAMETRIC_REPRESENTATION_CONTEXT() REPRESENTATION_CONTEXT('2D SPACE',''
  ) );
#1967 = ORIENTED_EDGE('',*,*,#1968,.T.);
#1968 = EDGE_CURVE('',#1946,#607,#1969,.T.);
#1969 = SURFACE_CURVE('',#1970,(#1974,#1981),.PCURVE_S1.);
#1970 = LINE('',#1971,#1972);
#1971 = CARTESIAN_POINT('',(50.,75.,2.5));
#1972 = VECTOR('',#1973,1.);
#1973 = DIRECTION('',(0.,0.,1.));
#1974 = PCURVE('',#645,#1975);
#1975 = DEFINITIONAL_REPRESENTATION('',(#1976),#1980);
#1976 = LINE('',#1977,#1978);
#1977 = CARTESIAN_POINT('',(0.,-150.));
#1978 = VECTOR('',#1979,1.);
#1979 = DIRECTION('',(1.,0.));
#1980 = ( GEOMETRIC_REPRESENTATION_CONTEXT(2) 
PARAMETRIC_REPRESENTATION_CONTEXT() REPRESENTATION_CONTEXT('2D SPACE',''
  ) );
#1981 = PCURVE('',#621,#1982);
#1982 = DEFINITIONAL_REPRESENTATION('',(#1983),#1987);
#1983 = LINE('',#1984,#1985);
#1984 = CARTESIAN_POINT('',(0.,100.));
#1985 = VECTOR('',#1986,1.);
#1986 = DIRECTION('',(1.,0.));
#1987 = ( GEOMETRIC_REPRESENTATION_CONTEXT(2) 
PARAMETRIC_REPRESENTATION_CONTEXT() REPRESENTATION_CONTEXT('2D SPACE',''
  ) );
#1988 = ORIENTED_EDGE('',*,*,#632,.F.);
#1989 = FACE_BOUND('',#1990,.F.);
#1990 = EDGE_LOOP('',(#1991,#2014,#2035,#2056));
#1991 = ORIENTED_EDGE('',*,*,#1992,.T.);
#1992 = EDGE_CURVE('',#1993,#1995,#1997,.T.);
#1993 = VERTEX_POINT('',#1994);
#1994 = CARTESIAN_POINT('',(50.,57.,37.9));
#1995 = VERTEX_POINT('',#1996);
#1996 = CARTESIAN_POINT('',(50.,43.,37.9));
#1997 = SURFACE_CURVE('',#1998,(#2002,#2008),.PCURVE_S1.);
#1998 = LINE('',#1999,#2000);
#1999 = CARTESIAN_POINT('',(50.,-16.,37.9));
#2000 = VECTOR('',#2001,1.);
#2001 = DIRECTION('',(0.,-1.,0.));
#2002 = PCURVE('',#645,#2003);
#2003 = DEFINITIONAL_REPRESENTATION('',(#2004),#2007);
#2004 = B_SPLINE_CURVE_WITH_KNOTS('',1,(#2005,#2006),.UNSPECIFIED.,.F.,
  .F.,(2,2),(-73.,-59.),.PIECEWISE_BEZIER_KNOTS.);
#2005 = CARTESIAN_POINT('',(35.4,-132.));
#2006 = CARTESIAN_POINT('',(35.4,-118.));
#2007 = ( GEOMETRIC_REPRESENTATION_CONTEXT(2) 
PARAMETRIC_REPRESENTATION_CONTEXT() REPRESENTATION_CONTEXT('2D SPACE',''
  ) );
#2008 = PCURVE('',#1642,#2009);
#2009 = DEFINITIONAL_REPRESENTATION('',(#2010),#2013);
#2010 = B_SPLINE_CURVE_WITH_KNOTS('',1,(#2011,#2012),.UNSPECIFIED.,.F.,
  .F.,(2,2),(-73.,-59.),.PIECEWISE_BEZIER_KNOTS.);
#2011 = CARTESIAN_POINT('',(2.,14.));
#2012 = CARTESIAN_POINT('',(2.,0.));
#2013 = ( GEOMETRIC_REPRESENTATION_CONTEXT(2) 
PARAMETRIC_REPRESENTATION_CONTEXT() REPRESENTATION_CONTEXT('2D SPACE',''
  ) );
#2014 = ORIENTED_EDGE('',*,*,#2015,.T.);
#2015 = EDGE_CURVE('',#1995,#2016,#2018,.T.);
#2016 = VERTEX_POINT('',#2017);
#2017 = CARTESIAN_POINT('',(50.,43.,41.1));
#2018 = SURFACE_CURVE('',#2019,(#2023,#2029),.PCURVE_S1.);
#2019 = LINE('',#2020,#2021);
#2020 = CARTESIAN_POINT('',(50.,43.,20.2));
#2021 = VECTOR('',#2022,1.);
#2022 = DIRECTION('',(0.,0.,1.));
#2023 = PCURVE('',#645,#2024);
#2024 = DEFINITIONAL_REPRESENTATION('',(#2025),#2028);
#2025 = B_SPLINE_CURVE_WITH_KNOTS('',1,(#2026,#2027),.UNSPECIFIED.,.F.,
  .F.,(2,2),(17.7,20.9),.PIECEWISE_BEZIER_KNOTS.);
#2026 = CARTESIAN_POINT('',(35.4,-118.));
#2027 = CARTESIAN_POINT('',(38.6,-118.));
#2028 = ( GEOMETRIC_REPRESENTATION_CONTEXT(2) 
PARAMETRIC_REPRESENTATION_CONTEXT() REPRESENTATION_CONTEXT('2D SPACE',''
  ) );
#2029 = PCURVE('',#1668,#2030);
#2030 = DEFINITIONAL_REPRESENTATION('',(#2031),#2034);
#2031 = B_SPLINE_CURVE_WITH_KNOTS('',1,(#2032,#2033),.UNSPECIFIED.,.F.,
  .F.,(2,2),(17.7,20.9),.PIECEWISE_BEZIER_KNOTS.);
#2032 = CARTESIAN_POINT('',(0.,2.));
#2033 = CARTESIAN_POINT('',(3.2,2.));
#2034 = ( GEOMETRIC_REPRESENTATION_CONTEXT(2) 
PARAMETRIC_REPRESENTATION_CONTEXT() REPRESENTATION_CONTEXT('2D SPACE',''
  ) );
#2035 = ORIENTED_EDGE('',*,*,#2036,.F.);
#2036 = EDGE_CURVE('',#2037,#2016,#2039,.T.);
#2037 = VERTEX_POINT('',#2038);
#2038 = CARTESIAN_POINT('',(50.,57.,41.1));
#2039 = SURFACE_CURVE('',#2040,(#2044,#2050),.PCURVE_S1.);
#2040 = LINE('',#2041,#2042);
#2041 = CARTESIAN_POINT('',(50.,-16.,41.1));
#2042 = VECTOR('',#2043,1.);
#2043 = DIRECTION('',(0.,-1.,0.));
#2044 = PCURVE('',#645,#2045);
#2045 = DEFINITIONAL_REPRESENTATION('',(#2046),#2049);
#2046 = B_SPLINE_CURVE_WITH_KNOTS('',1,(#2047,#2048),.UNSPECIFIED.,.F.,
  .F.,(2,2),(-73.,-59.),.PIECEWISE_BEZIER_KNOTS.);
#2047 = CARTESIAN_POINT('',(38.6,-132.));
#2048 = CARTESIAN_POINT('',(38.6,-118.));
#2049 = ( GEOMETRIC_REPRESENTATION_CONTEXT(2) 
PARAMETRIC_REPRESENTATION_CONTEXT() REPRESENTATION_CONTEXT('2D SPACE',''
  ) );
#2050 = PCURVE('',#1694,#2051);
#2051 = DEFINITIONAL_REPRESENTATION('',(#2052),#2055);
#2052 = B_SPLINE_CURVE_WITH_KNOTS('',1,(#2053,#2054),.UNSPECIFIED.,.F.,
  .F.,(2,2),(-73.,-59.),.PIECEWISE_BEZIER_KNOTS.);
#2053 = CARTESIAN_POINT('',(2.,14.));
#2054 = CARTESIAN_POINT('',(2.,0.));
#2055 = ( GEOMETRIC_REPRESENTATION_CONTEXT(2) 
PARAMETRIC_REPRESENTATION_CONTEXT() REPRESENTATION_CONTEXT('2D SPACE',''
  ) );
#2056 = ORIENTED_EDGE('',*,*,#2057,.F.);
#2057 = EDGE_CURVE('',#1993,#2037,#2058,.T.);
#2058 = SURFACE_CURVE('',#2059,(#2063,#2069),.PCURVE_S1.);
#2059 = LINE('',#2060,#2061);
#2060 = CARTESIAN_POINT('',(50.,57.,20.2));
#2061 = VECTOR('',#2062,1.);
#2062 = DIRECTION('',(0.,0.,1.));
#2063 = PCURVE('',#645,#2064);
#2064 = DEFINITIONAL_REPRESENTATION('',(#2065),#2068);
#2065 = B_SPLINE_CURVE_WITH_KNOTS('',1,(#2066,#2067),.UNSPECIFIED.,.F.,
  .F.,(2,2),(17.7,20.9),.PIECEWISE_BEZIER_KNOTS.);
#2066 = CARTESIAN_POINT('',(35.4,-132.));
#2067 = CARTESIAN_POINT('',(38.6,-132.));
#2068 = ( GEOMETRIC_REPRESENTATION_CONTEXT(2) 
PARAMETRIC_REPRESENTATION_CONTEXT() REPRESENTATION_CONTEXT('2D SPACE',''
  ) );
#2069 = PCURVE('',#1718,#2070);
#2070 = DEFINITIONAL_REPRESENTATION('',(#2071),#2074);
#2071 = B_SPLINE_CURVE_WITH_KNOTS('',1,(#2072,#2073),.UNSPECIFIED.,.F.,
  .F.,(2,2),(17.7,20.9),.PIECEWISE_BEZIER_KNOTS.);
#2072 = CARTESIAN_POINT('',(0.,2.));
#2073 = CARTESIAN_POINT('',(3.2,2.));
#2074 = ( GEOMETRIC_REPRESENTATION_CONTEXT(2) 
PARAMETRIC_REPRESENTATION_CONTEXT() REPRESENTATION_CONTEXT('2D SPACE',''
  ) );
#2075 = FACE_BOUND('',#2076,.F.);
#2076 = EDGE_LOOP('',(#2077,#2100,#2121,#2142));
#2077 = ORIENTED_EDGE('',*,*,#2078,.T.);
#2078 = EDGE_CURVE('',#2079,#2081,#2083,.T.);
#2079 = VERTEX_POINT('',#2080);
#2080 = CARTESIAN_POINT('',(50.,-43.,37.9));
#2081 = VERTEX_POINT('',#2082);
#2082 = CARTESIAN_POINT('',(50.,-57.,37.9));
#2083 = SURFACE_CURVE('',#2084,(#2088,#2094),.PCURVE_S1.);
#2084 = LINE('',#2085,#2086);
#2085 = CARTESIAN_POINT('',(50.,-66.,37.9));
#2086 = VECTOR('',#2087,1.);
#2087 = DIRECTION('',(0.,-1.,0.));
#2088 = PCURVE('',#645,#2089);
#2089 = DEFINITIONAL_REPRESENTATION('',(#2090),#2093);
#2090 = B_SPLINE_CURVE_WITH_KNOTS('',1,(#2091,#2092),.UNSPECIFIED.,.F.,
  .F.,(2,2),(-23.,-9.),.PIECEWISE_BEZIER_KNOTS.);
#2091 = CARTESIAN_POINT('',(35.4,-32.));
#2092 = CARTESIAN_POINT('',(35.4,-18.));
#2093 = ( GEOMETRIC_REPRESENTATION_CONTEXT(2) 
PARAMETRIC_REPRESENTATION_CONTEXT() REPRESENTATION_CONTEXT('2D SPACE',''
  ) );
#2094 = PCURVE('',#1748,#2095);
#2095 = DEFINITIONAL_REPRESENTATION('',(#2096),#2099);
#2096 = B_SPLINE_CURVE_WITH_KNOTS('',1,(#2097,#2098),.UNSPECIFIED.,.F.,
  .F.,(2,2),(-23.,-9.),.PIECEWISE_BEZIER_KNOTS.);
#2097 = CARTESIAN_POINT('',(2.,14.));
#2098 = CARTESIAN_POINT('',(2.,0.));
#2099 = ( GEOMETRIC_REPRESENTATION_CONTEXT(2) 
PARAMETRIC_REPRESENTATION_CONTEXT() REPRESENTATION_CONTEXT('2D SPACE',''
  ) );
#2100 = ORIENTED_EDGE('',*,*,#2101,.T.);
#2101 = EDGE_CURVE('',#2081,#2102,#2104,.T.);
#2102 = VERTEX_POINT('',#2103);
#2103 = CARTESIAN_POINT('',(50.,-57.,41.1));
#2104 = SURFACE_CURVE('',#2105,(#2109,#2115),.PCURVE_S1.);
#2105 = LINE('',#2106,#2107);
#2106 = CARTESIAN_POINT('',(50.,-57.,20.2));
#2107 = VECTOR('',#2108,1.);
#2108 = DIRECTION('',(0.,0.,1.));
#2109 = PCURVE('',#645,#2110);
#2110 = DEFINITIONAL_REPRESENTATION('',(#2111),#2114);
#2111 = B_SPLINE_CURVE_WITH_KNOTS('',1,(#2112,#2113),.UNSPECIFIED.,.F.,
  .F.,(2,2),(17.7,20.9),.PIECEWISE_BEZIER_KNOTS.);
#2112 = CARTESIAN_POINT('',(35.4,-18.));
#2113 = CARTESIAN_POINT('',(38.6,-18.));
#2114 = ( GEOMETRIC_REPRESENTATION_CONTEXT(2) 
PARAMETRIC_REPRESENTATION_CONTEXT() REPRESENTATION_CONTEXT('2D SPACE',''
  ) );
#2115 = PCURVE('',#1774,#2116);
#2116 = DEFINITIONAL_REPRESENTATION('',(#2117),#2120);
#2117 = B_SPLINE_CURVE_WITH_KNOTS('',1,(#2118,#2119),.UNSPECIFIED.,.F.,
  .F.,(2,2),(17.7,20.9),.PIECEWISE_BEZIER_KNOTS.);
#2118 = CARTESIAN_POINT('',(0.,2.));
#2119 = CARTESIAN_POINT('',(3.2,2.));
#2120 = ( GEOMETRIC_REPRESENTATION_CONTEXT(2) 
PARAMETRIC_REPRESENTATION_CONTEXT() REPRESENTATION_CONTEXT('2D SPACE',''
  ) );
#2121 = ORIENTED_EDGE('',*,*,#2122,.F.);
#2122 = EDGE_CURVE('',#2123,#2102,#2125,.T.);
#2123 = VERTEX_POINT('',#2124);
#2124 = CARTESIAN_POINT('',(50.,-43.,41.1));
#2125 = SURFACE_CURVE('',#2126,(#2130,#2136),.PCURVE_S1.);
#2126 = LINE('',#2127,#2128);
#2127 = CARTESIAN_POINT('',(50.,-66.,41.1));
#2128 = VECTOR('',#2129,1.);
#2129 = DIRECTION('',(0.,-1.,0.));
#2130 = PCURVE('',#645,#2131);
#2131 = DEFINITIONAL_REPRESENTATION('',(#2132),#2135);
#2132 = B_SPLINE_CURVE_WITH_KNOTS('',1,(#2133,#2134),.UNSPECIFIED.,.F.,
  .F.,(2,2),(-23.,-9.),.PIECEWISE_BEZIER_KNOTS.);
#2133 = CARTESIAN_POINT('',(38.6,-32.));
#2134 = CARTESIAN_POINT('',(38.6,-18.));
#2135 = ( GEOMETRIC_REPRESENTATION_CONTEXT(2) 
PARAMETRIC_REPRESENTATION_CONTEXT() REPRESENTATION_CONTEXT('2D SPACE',''
  ) );
#2136 = PCURVE('',#1800,#2137);
#2137 = DEFINITIONAL_REPRESENTATION('',(#2138),#2141);
#2138 = B_SPLINE_CURVE_WITH_KNOTS('',1,(#2139,#2140),.UNSPECIFIED.,.F.,
  .F.,(2,2),(-23.,-9.),.PIECEWISE_BEZIER_KNOTS.);
#2139 = CARTESIAN_POINT('',(2.,14.));
#2140 = CARTESIAN_POINT('',(2.,0.));
#2141 = ( GEOMETRIC_REPRESENTATION_CONTEXT(2) 
PARAMETRIC_REPRESENTATION_CONTEXT() REPRESENTATION_CONTEXT('2D SPACE',''
  ) );
#2142 = ORIENTED_EDGE('',*,*,#2143,.F.);
#2143 = EDGE_CURVE('',#2079,#2123,#2144,.T.);
#2144 = SURFACE_CURVE('',#2145,(#2149,#2155),.PCURVE_S1.);
#2145 = LINE('',#2146,#2147);
#2146 = CARTESIAN_POINT('',(50.,-43.,20.2));
#2147 = VECTOR('',#2148,1.);
#2148 = DIRECTION('',(0.,0.,1.));
#2149 = PCURVE('',#645,#2150);
#2150 = DEFINITIONAL_REPRESENTATION('',(#2151),#2154);
#2151 = B_SPLINE_CURVE_WITH_KNOTS('',1,(#2152,#2153),.UNSPECIFIED.,.F.,
  .F.,(2,2),(17.7,20.9),.PIECEWISE_BEZIER_KNOTS.);
#2152 = CARTESIAN_POINT('',(35.4,-32.));
#2153 = CARTESIAN_POINT('',(38.6,-32.));
#2154 = ( GEOMETRIC_REPRESENTATION_CONTEXT(2) 
PARAMETRIC_REPRESENTATION_CONTEXT() REPRESENTATION_CONTEXT('2D SPACE',''
  ) );
#2155 = PCURVE('',#1824,#2156);
#2156 = DEFINITIONAL_REPRESENTATION('',(#2157),#2160);
#2157 = B_SPLINE_CURVE_WITH_KNOTS('',1,(#2158,#2159),.UNSPECIFIED.,.F.,
  .F.,(2,2),(17.7,20.9),.PIECEWISE_BEZIER_KNOTS.);
#2158 = CARTESIAN_POINT('',(0.,2.));
#2159 = CARTESIAN_POINT('',(3.2,2.));
#2160 = ( GEOMETRIC_REPRESENTATION_CONTEXT(2) 
PARAMETRIC_REPRESENTATION_CONTEXT() REPRESENTATION_CONTEXT('2D SPACE',''
  ) );
#2161 = ADVANCED_FACE('',(#2162),#621,.F.);
#2162 = FACE_BOUND('',#2163,.F.);
#2163 = EDGE_LOOP('',(#2164,#2165,#2188,#2209));
#2164 = ORIENTED_EDGE('',*,*,#1968,.F.);
#2165 = ORIENTED_EDGE('',*,*,#2166,.F.);
#2166 = EDGE_CURVE('',#2167,#1946,#2169,.T.);
#2167 = VERTEX_POINT('',#2168);
#2168 = CARTESIAN_POINT('',(-50.,75.,2.5));
#2169 = SURFACE_CURVE('',#2170,(#2174,#2181),.PCURVE_S1.);
#2170 = LINE('',#2171,#2172);
#2171 = CARTESIAN_POINT('',(-50.,75.,2.5));
#2172 = VECTOR('',#2173,1.);
#2173 = DIRECTION('',(1.,0.,-0.));
#2174 = PCURVE('',#621,#2175);
#2175 = DEFINITIONAL_REPRESENTATION('',(#2176),#2180);
#2176 = LINE('',#2177,#2178);
#2177 = CARTESIAN_POINT('',(0.,0.));
#2178 = VECTOR('',#2179,1.);
#2179 = DIRECTION('',(0.,1.));
#2180 = ( GEOMETRIC_REPRESENTATION_CONTEXT(2) 
PARAMETRIC_REPRESENTATION_CONTEXT() REPRESENTATION_CONTEXT('2D SPACE',''
  ) );
#2181 = PCURVE('',#1877,#2182);
#2182 = DEFINITIONAL_REPRESENTATION('',(#2183),#2187);
#2183 = LINE('',#2184,#2185);
#2184 = CARTESIAN_POINT('',(0.,150.));
#2185 = VECTOR('',#2186,1.);
#2186 = DIRECTION('',(1.,0.));
#2187 = ( GEOMETRIC_REPRESENTATION_CONTEXT(2) 
PARAMETRIC_REPRESENTATION_CONTEXT() REPRESENTATION_CONTEXT('2D SPACE',''
  ) );
#2188 = ORIENTED_EDGE('',*,*,#2189,.T.);
#2189 = EDGE_CURVE('',#2167,#581,#2190,.T.);
#2190 = SURFACE_CURVE('',#2191,(#2195,#2202),.PCURVE_S1.);
#2191 = LINE('',#2192,#2193);
#2192 = CARTESIAN_POINT('',(-50.,75.,2.5));
#2193 = VECTOR('',#2194,1.);
#2194 = DIRECTION('',(0.,0.,1.));
#2195 = PCURVE('',#621,#2196);
#2196 = DEFINITIONAL_REPRESENTATION('',(#2197),#2201);
#2197 = LINE('',#2198,#2199);
#2198 = CARTESIAN_POINT('',(0.,0.));
#2199 = VECTOR('',#2200,1.);
#2200 = DIRECTION('',(1.,0.));
#2201 = ( GEOMETRIC_REPRESENTATION_CONTEXT(2) 
PARAMETRIC_REPRESENTATION_CONTEXT() REPRESENTATION_CONTEXT('2D SPACE',''
  ) );
#2202 = PCURVE('',#595,#2203);
#2203 = DEFINITIONAL_REPRESENTATION('',(#2204),#2208);
#2204 = LINE('',#2205,#2206);
#2205 = CARTESIAN_POINT('',(0.,-150.));
#2206 = VECTOR('',#2207,1.);
#2207 = DIRECTION('',(1.,0.));
#2208 = ( GEOMETRIC_REPRESENTATION_CONTEXT(2) 
PARAMETRIC_REPRESENTATION_CONTEXT() REPRESENTATION_CONTEXT('2D SPACE',''
  ) );
#2209 = ORIENTED_EDGE('',*,*,#606,.F.);
#2210 = ADVANCED_FACE('',(#2211,#2237,#2243),#595,.T.);
#2211 = FACE_BOUND('',#2212,.T.);
#2212 = EDGE_LOOP('',(#2213,#2214,#2235,#2236));
#2213 = ORIENTED_EDGE('',*,*,#1889,.F.);
#2214 = ORIENTED_EDGE('',*,*,#2215,.T.);
#2215 = EDGE_CURVE('',#1862,#2167,#2216,.T.);
#2216 = SURFACE_CURVE('',#2217,(#2221,#2228),.PCURVE_S1.);
#2217 = LINE('',#2218,#2219);
#2218 = CARTESIAN_POINT('',(-50.,-75.,2.5));
#2219 = VECTOR('',#2220,1.);
#2220 = DIRECTION('',(-0.,1.,0.));
#2221 = PCURVE('',#595,#2222);
#2222 = DEFINITIONAL_REPRESENTATION('',(#2223),#2227);
#2223 = LINE('',#2224,#2225);
#2224 = CARTESIAN_POINT('',(0.,0.));
#2225 = VECTOR('',#2226,1.);
#2226 = DIRECTION('',(0.,-1.));
#2227 = ( GEOMETRIC_REPRESENTATION_CONTEXT(2) 
PARAMETRIC_REPRESENTATION_CONTEXT() REPRESENTATION_CONTEXT('2D SPACE',''
  ) );
#2228 = PCURVE('',#1877,#2229);
#2229 = DEFINITIONAL_REPRESENTATION('',(#2230),#2234);
#2230 = LINE('',#2231,#2232);
#2231 = CARTESIAN_POINT('',(0.,0.));
#2232 = VECTOR('',#2233,1.);
#2233 = DIRECTION('',(0.,1.));
#2234 = ( GEOMETRIC_REPRESENTATION_CONTEXT(2) 
PARAMETRIC_REPRESENTATION_CONTEXT() REPRESENTATION_CONTEXT('2D SPACE',''
  ) );
#2235 = ORIENTED_EDGE('',*,*,#2189,.T.);
#2236 = ORIENTED_EDGE('',*,*,#580,.F.);
#2237 = FACE_BOUND('',#2238,.T.);
#2238 = EDGE_LOOP('',(#2239,#2240,#2241,#2242));
#2239 = ORIENTED_EDGE('',*,*,#1123,.F.);
#2240 = ORIENTED_EDGE('',*,*,#1192,.T.);
#2241 = ORIENTED_EDGE('',*,*,#1264,.T.);
#2242 = ORIENTED_EDGE('',*,*,#1239,.F.);
#2243 = FACE_BOUND('',#2244,.T.);
#2244 = EDGE_LOOP('',(#2245,#2246,#2247,#2248));
#2245 = ORIENTED_EDGE('',*,*,#1311,.F.);
#2246 = ORIENTED_EDGE('',*,*,#1452,.T.);
#2247 = ORIENTED_EDGE('',*,*,#1405,.T.);
#2248 = ORIENTED_EDGE('',*,*,#1380,.F.);
#2249 = ADVANCED_FACE('',(#2250),#904,.T.);
#2250 = FACE_BOUND('',#2251,.F.);
#2251 = EDGE_LOOP('',(#2252,#2275,#2276,#2299));
#2252 = ORIENTED_EDGE('',*,*,#2253,.F.);
#2253 = EDGE_CURVE('',#888,#2254,#2256,.T.);
#2254 = VERTEX_POINT('',#2255);
#2255 = CARTESIAN_POINT('',(-25.5,-70.,2.5));
#2256 = SURFACE_CURVE('',#2257,(#2261,#2268),.PCURVE_S1.);
#2257 = LINE('',#2258,#2259);
#2258 = CARTESIAN_POINT('',(-25.5,-70.,-2.));
#2259 = VECTOR('',#2260,1.);
#2260 = DIRECTION('',(-0.,-0.,1.));
#2261 = PCURVE('',#904,#2262);
#2262 = DEFINITIONAL_REPRESENTATION('',(#2263),#2267);
#2263 = LINE('',#2264,#2265);
#2264 = CARTESIAN_POINT('',(-0.,-0.));
#2265 = VECTOR('',#2266,1.);
#2266 = DIRECTION('',(-1.,-0.));
#2267 = ( GEOMETRIC_REPRESENTATION_CONTEXT(2) 
PARAMETRIC_REPRESENTATION_CONTEXT() REPRESENTATION_CONTEXT('2D SPACE',''
  ) );
#2268 = PCURVE('',#930,#2269);
#2269 = DEFINITIONAL_REPRESENTATION('',(#2270),#2274);
#2270 = LINE('',#2271,#2272);
#2271 = CARTESIAN_POINT('',(-0.,-0.));
#2272 = VECTOR('',#2273,1.);
#2273 = DIRECTION('',(-1.,0.));
#2274 = ( GEOMETRIC_REPRESENTATION_CONTEXT(2) 
PARAMETRIC_REPRESENTATION_CONTEXT() REPRESENTATION_CONTEXT('2D SPACE',''
  ) );
#2275 = ORIENTED_EDGE('',*,*,#887,.T.);
#2276 = ORIENTED_EDGE('',*,*,#2277,.T.);
#2277 = EDGE_CURVE('',#890,#2278,#2280,.T.);
#2278 = VERTEX_POINT('',#2279);
#2279 = CARTESIAN_POINT('',(-25.5,-28.,2.5));
#2280 = SURFACE_CURVE('',#2281,(#2285,#2292),.PCURVE_S1.);
#2281 = LINE('',#2282,#2283);
#2282 = CARTESIAN_POINT('',(-25.5,-28.,-2.));
#2283 = VECTOR('',#2284,1.);
#2284 = DIRECTION('',(-0.,-0.,1.));
#2285 = PCURVE('',#904,#2286);
#2286 = DEFINITIONAL_REPRESENTATION('',(#2287),#2291);
#2287 = LINE('',#2288,#2289);
#2288 = CARTESIAN_POINT('',(-0.,-42.));
#2289 = VECTOR('',#2290,1.);
#2290 = DIRECTION('',(-1.,-0.));
#2291 = ( GEOMETRIC_REPRESENTATION_CONTEXT(2) 
PARAMETRIC_REPRESENTATION_CONTEXT() REPRESENTATION_CONTEXT('2D SPACE',''
  ) );
#2292 = PCURVE('',#980,#2293);
#2293 = DEFINITIONAL_REPRESENTATION('',(#2294),#2298);
#2294 = LINE('',#2295,#2296);
#2295 = CARTESIAN_POINT('',(-0.,-0.));
#2296 = VECTOR('',#2297,1.);
#2297 = DIRECTION('',(-1.,0.));
#2298 = ( GEOMETRIC_REPRESENTATION_CONTEXT(2) 
PARAMETRIC_REPRESENTATION_CONTEXT() REPRESENTATION_CONTEXT('2D SPACE',''
  ) );
#2299 = ORIENTED_EDGE('',*,*,#2300,.F.);
#2300 = EDGE_CURVE('',#2254,#2278,#2301,.T.);
#2301 = SURFACE_CURVE('',#2302,(#2306,#2312),.PCURVE_S1.);
#2302 = LINE('',#2303,#2304);
#2303 = CARTESIAN_POINT('',(-25.5,-72.5,2.5));
#2304 = VECTOR('',#2305,1.);
#2305 = DIRECTION('',(0.,1.,0.));
#2306 = PCURVE('',#904,#2307);
#2307 = DEFINITIONAL_REPRESENTATION('',(#2308),#2311);
#2308 = B_SPLINE_CURVE_WITH_KNOTS('',1,(#2309,#2310),.UNSPECIFIED.,.F.,
  .F.,(2,2),(2.5,44.5),.PIECEWISE_BEZIER_KNOTS.);
#2309 = CARTESIAN_POINT('',(-4.5,0.));
#2310 = CARTESIAN_POINT('',(-4.5,-42.));
#2311 = ( GEOMETRIC_REPRESENTATION_CONTEXT(2) 
PARAMETRIC_REPRESENTATION_CONTEXT() REPRESENTATION_CONTEXT('2D SPACE',''
  ) );
#2312 = PCURVE('',#1877,#2313);
#2313 = DEFINITIONAL_REPRESENTATION('',(#2314),#2317);
#2314 = B_SPLINE_CURVE_WITH_KNOTS('',1,(#2315,#2316),.UNSPECIFIED.,.F.,
  .F.,(2,2),(2.5,44.5),.PIECEWISE_BEZIER_KNOTS.);
#2315 = CARTESIAN_POINT('',(24.5,5.));
#2316 = CARTESIAN_POINT('',(24.5,47.));
#2317 = ( GEOMETRIC_REPRESENTATION_CONTEXT(2) 
PARAMETRIC_REPRESENTATION_CONTEXT() REPRESENTATION_CONTEXT('2D SPACE',''
  ) );
#2318 = ADVANCED_FACE('',(#2319),#980,.F.);
#2319 = FACE_BOUND('',#2320,.T.);
#2320 = EDGE_LOOP('',(#2321,#2344,#2345,#2346));
#2321 = ORIENTED_EDGE('',*,*,#2322,.F.);
#2322 = EDGE_CURVE('',#942,#2323,#2325,.T.);
#2323 = VERTEX_POINT('',#2324);
#2324 = CARTESIAN_POINT('',(-32.,-28.,2.5));
#2325 = SURFACE_CURVE('',#2326,(#2330,#2337),.PCURVE_S1.);
#2326 = LINE('',#2327,#2328);
#2327 = CARTESIAN_POINT('',(-32.,-28.,-2.));
#2328 = VECTOR('',#2329,1.);
#2329 = DIRECTION('',(-0.,-0.,1.));
#2330 = PCURVE('',#980,#2331);
#2331 = DEFINITIONAL_REPRESENTATION('',(#2332),#2336);
#2332 = LINE('',#2333,#2334);
#2333 = CARTESIAN_POINT('',(-0.,6.5));
#2334 = VECTOR('',#2335,1.);
#2335 = DIRECTION('',(-1.,0.));
#2336 = ( GEOMETRIC_REPRESENTATION_CONTEXT(2) 
PARAMETRIC_REPRESENTATION_CONTEXT() REPRESENTATION_CONTEXT('2D SPACE',''
  ) );
#2337 = PCURVE('',#956,#2338);
#2338 = DEFINITIONAL_REPRESENTATION('',(#2339),#2343);
#2339 = LINE('',#2340,#2341);
#2340 = CARTESIAN_POINT('',(-0.,-42.));
#2341 = VECTOR('',#2342,1.);
#2342 = DIRECTION('',(-1.,-0.));
#2343 = ( GEOMETRIC_REPRESENTATION_CONTEXT(2) 
PARAMETRIC_REPRESENTATION_CONTEXT() REPRESENTATION_CONTEXT('2D SPACE',''
  ) );
#2344 = ORIENTED_EDGE('',*,*,#967,.T.);
#2345 = ORIENTED_EDGE('',*,*,#2277,.T.);
#2346 = ORIENTED_EDGE('',*,*,#2347,.F.);
#2347 = EDGE_CURVE('',#2323,#2278,#2348,.T.);
#2348 = SURFACE_CURVE('',#2349,(#2353,#2359),.PCURVE_S1.);
#2349 = LINE('',#2350,#2351);
#2350 = CARTESIAN_POINT('',(-37.75,-28.,2.5));
#2351 = VECTOR('',#2352,1.);
#2352 = DIRECTION('',(1.,0.,-0.));
#2353 = PCURVE('',#980,#2354);
#2354 = DEFINITIONAL_REPRESENTATION('',(#2355),#2358);
#2355 = B_SPLINE_CURVE_WITH_KNOTS('',1,(#2356,#2357),.UNSPECIFIED.,.F.,
  .F.,(2,2),(5.75,12.25),.PIECEWISE_BEZIER_KNOTS.);
#2356 = CARTESIAN_POINT('',(-4.5,6.5));
#2357 = CARTESIAN_POINT('',(-4.5,0.));
#2358 = ( GEOMETRIC_REPRESENTATION_CONTEXT(2) 
PARAMETRIC_REPRESENTATION_CONTEXT() REPRESENTATION_CONTEXT('2D SPACE',''
  ) );
#2359 = PCURVE('',#1877,#2360);
#2360 = DEFINITIONAL_REPRESENTATION('',(#2361),#2364);
#2361 = B_SPLINE_CURVE_WITH_KNOTS('',1,(#2362,#2363),.UNSPECIFIED.,.F.,
  .F.,(2,2),(5.75,12.25),.PIECEWISE_BEZIER_KNOTS.);
#2362 = CARTESIAN_POINT('',(18.,47.));
#2363 = CARTESIAN_POINT('',(24.5,47.));
#2364 = ( GEOMETRIC_REPRESENTATION_CONTEXT(2) 
PARAMETRIC_REPRESENTATION_CONTEXT() REPRESENTATION_CONTEXT('2D SPACE',''
  ) );
#2365 = ADVANCED_FACE('',(#2366),#956,.F.);
#2366 = FACE_BOUND('',#2367,.T.);
#2367 = EDGE_LOOP('',(#2368,#2391,#2392,#2393));
#2368 = ORIENTED_EDGE('',*,*,#2369,.F.);
#2369 = EDGE_CURVE('',#916,#2370,#2372,.T.);
#2370 = VERTEX_POINT('',#2371);
#2371 = CARTESIAN_POINT('',(-32.,-70.,2.5));
#2372 = SURFACE_CURVE('',#2373,(#2377,#2384),.PCURVE_S1.);
#2373 = LINE('',#2374,#2375);
#2374 = CARTESIAN_POINT('',(-32.,-70.,-2.));
#2375 = VECTOR('',#2376,1.);
#2376 = DIRECTION('',(-0.,-0.,1.));
#2377 = PCURVE('',#956,#2378);
#2378 = DEFINITIONAL_REPRESENTATION('',(#2379),#2383);
#2379 = LINE('',#2380,#2381);
#2380 = CARTESIAN_POINT('',(-0.,-0.));
#2381 = VECTOR('',#2382,1.);
#2382 = DIRECTION('',(-1.,-0.));
#2383 = ( GEOMETRIC_REPRESENTATION_CONTEXT(2) 
PARAMETRIC_REPRESENTATION_CONTEXT() REPRESENTATION_CONTEXT('2D SPACE',''
  ) );
#2384 = PCURVE('',#930,#2385);
#2385 = DEFINITIONAL_REPRESENTATION('',(#2386),#2390);
#2386 = LINE('',#2387,#2388);
#2387 = CARTESIAN_POINT('',(-0.,6.5));
#2388 = VECTOR('',#2389,1.);
#2389 = DIRECTION('',(-1.,0.));
#2390 = ( GEOMETRIC_REPRESENTATION_CONTEXT(2) 
PARAMETRIC_REPRESENTATION_CONTEXT() REPRESENTATION_CONTEXT('2D SPACE',''
  ) );
#2391 = ORIENTED_EDGE('',*,*,#941,.T.);
#2392 = ORIENTED_EDGE('',*,*,#2322,.T.);
#2393 = ORIENTED_EDGE('',*,*,#2394,.F.);
#2394 = EDGE_CURVE('',#2370,#2323,#2395,.T.);
#2395 = SURFACE_CURVE('',#2396,(#2400,#2406),.PCURVE_S1.);
#2396 = LINE('',#2397,#2398);
#2397 = CARTESIAN_POINT('',(-32.,-72.5,2.5));
#2398 = VECTOR('',#2399,1.);
#2399 = DIRECTION('',(0.,1.,0.));
#2400 = PCURVE('',#956,#2401);
#2401 = DEFINITIONAL_REPRESENTATION('',(#2402),#2405);
#2402 = B_SPLINE_CURVE_WITH_KNOTS('',1,(#2403,#2404),.UNSPECIFIED.,.F.,
  .F.,(2,2),(2.5,44.5),.PIECEWISE_BEZIER_KNOTS.);
#2403 = CARTESIAN_POINT('',(-4.5,0.));
#2404 = CARTESIAN_POINT('',(-4.5,-42.));
#2405 = ( GEOMETRIC_REPRESENTATION_CONTEXT(2) 
PARAMETRIC_REPRESENTATION_CONTEXT() REPRESENTATION_CONTEXT('2D SPACE',''
  ) );
#2406 = PCURVE('',#1877,#2407);
#2407 = DEFINITIONAL_REPRESENTATION('',(#2408),#2411);
#2408 = B_SPLINE_CURVE_WITH_KNOTS('',1,(#2409,#2410),.UNSPECIFIED.,.F.,
  .F.,(2,2),(2.5,44.5),.PIECEWISE_BEZIER_KNOTS.);
#2409 = CARTESIAN_POINT('',(18.,5.));
#2410 = CARTESIAN_POINT('',(18.,47.));
#2411 = ( GEOMETRIC_REPRESENTATION_CONTEXT(2) 
PARAMETRIC_REPRESENTATION_CONTEXT() REPRESENTATION_CONTEXT('2D SPACE',''
  ) );
#2412 = ADVANCED_FACE('',(#2413),#930,.T.);
#2413 = FACE_BOUND('',#2414,.F.);
#2414 = EDGE_LOOP('',(#2415,#2416,#2417,#2418));
#2415 = ORIENTED_EDGE('',*,*,#2369,.F.);
#2416 = ORIENTED_EDGE('',*,*,#915,.T.);
#2417 = ORIENTED_EDGE('',*,*,#2253,.T.);
#2418 = ORIENTED_EDGE('',*,*,#2419,.F.);
#2419 = EDGE_CURVE('',#2370,#2254,#2420,.T.);
#2420 = SURFACE_CURVE('',#2421,(#2425,#2431),.PCURVE_S1.);
#2421 = LINE('',#2422,#2423);
#2422 = CARTESIAN_POINT('',(-37.75,-70.,2.5));
#2423 = VECTOR('',#2424,1.);
#2424 = DIRECTION('',(1.,0.,-0.));
#2425 = PCURVE('',#930,#2426);
#2426 = DEFINITIONAL_REPRESENTATION('',(#2427),#2430);
#2427 = B_SPLINE_CURVE_WITH_KNOTS('',1,(#2428,#2429),.UNSPECIFIED.,.F.,
  .F.,(2,2),(5.75,12.25),.PIECEWISE_BEZIER_KNOTS.);
#2428 = CARTESIAN_POINT('',(-4.5,6.5));
#2429 = CARTESIAN_POINT('',(-4.5,0.));
#2430 = ( GEOMETRIC_REPRESENTATION_CONTEXT(2) 
PARAMETRIC_REPRESENTATION_CONTEXT() REPRESENTATION_CONTEXT('2D SPACE',''
  ) );
#2431 = PCURVE('',#1877,#2432);
#2432 = DEFINITIONAL_REPRESENTATION('',(#2433),#2436);
#2433 = B_SPLINE_CURVE_WITH_KNOTS('',1,(#2434,#2435),.UNSPECIFIED.,.F.,
  .F.,(2,2),(5.75,12.25),.PIECEWISE_BEZIER_KNOTS.);
#2434 = CARTESIAN_POINT('',(18.,5.));
#2435 = CARTESIAN_POINT('',(24.5,5.));
#2436 = ( GEOMETRIC_REPRESENTATION_CONTEXT(2) 
PARAMETRIC_REPRESENTATION_CONTEXT() REPRESENTATION_CONTEXT('2D SPACE',''
  ) );
#2437 = ADVANCED_FACE('',(#2438),#1010,.T.);
#2438 = FACE_BOUND('',#2439,.T.);
#2439 = EDGE_LOOP('',(#2440,#2463,#2464,#2487));
#2440 = ORIENTED_EDGE('',*,*,#2441,.F.);
#2441 = EDGE_CURVE('',#994,#2442,#2444,.T.);
#2442 = VERTEX_POINT('',#2443);
#2443 = CARTESIAN_POINT('',(32.,-70.,2.5));
#2444 = SURFACE_CURVE('',#2445,(#2449,#2456),.PCURVE_S1.);
#2445 = LINE('',#2446,#2447);
#2446 = CARTESIAN_POINT('',(32.,-70.,-2.));
#2447 = VECTOR('',#2448,1.);
#2448 = DIRECTION('',(0.,0.,1.));
#2449 = PCURVE('',#1010,#2450);
#2450 = DEFINITIONAL_REPRESENTATION('',(#2451),#2455);
#2451 = LINE('',#2452,#2453);
#2452 = CARTESIAN_POINT('',(0.,6.5));
#2453 = VECTOR('',#2454,1.);
#2454 = DIRECTION('',(1.,0.));
#2455 = ( GEOMETRIC_REPRESENTATION_CONTEXT(2) 
PARAMETRIC_REPRESENTATION_CONTEXT() REPRESENTATION_CONTEXT('2D SPACE',''
  ) );
#2456 = PCURVE('',#1086,#2457);
#2457 = DEFINITIONAL_REPRESENTATION('',(#2458),#2462);
#2458 = LINE('',#2459,#2460);
#2459 = CARTESIAN_POINT('',(0.,0.));
#2460 = VECTOR('',#2461,1.);
#2461 = DIRECTION('',(1.,0.));
#2462 = ( GEOMETRIC_REPRESENTATION_CONTEXT(2) 
PARAMETRIC_REPRESENTATION_CONTEXT() REPRESENTATION_CONTEXT('2D SPACE',''
  ) );
#2463 = ORIENTED_EDGE('',*,*,#993,.T.);
#2464 = ORIENTED_EDGE('',*,*,#2465,.T.);
#2465 = EDGE_CURVE('',#996,#2466,#2468,.T.);
#2466 = VERTEX_POINT('',#2467);
#2467 = CARTESIAN_POINT('',(25.5,-70.,2.5));
#2468 = SURFACE_CURVE('',#2469,(#2473,#2480),.PCURVE_S1.);
#2469 = LINE('',#2470,#2471);
#2470 = CARTESIAN_POINT('',(25.5,-70.,-2.));
#2471 = VECTOR('',#2472,1.);
#2472 = DIRECTION('',(0.,0.,1.));
#2473 = PCURVE('',#1010,#2474);
#2474 = DEFINITIONAL_REPRESENTATION('',(#2475),#2479);
#2475 = LINE('',#2476,#2477);
#2476 = CARTESIAN_POINT('',(0.,0.));
#2477 = VECTOR('',#2478,1.);
#2478 = DIRECTION('',(1.,0.));
#2479 = ( GEOMETRIC_REPRESENTATION_CONTEXT(2) 
PARAMETRIC_REPRESENTATION_CONTEXT() REPRESENTATION_CONTEXT('2D SPACE',''
  ) );
#2480 = PCURVE('',#1036,#2481);
#2481 = DEFINITIONAL_REPRESENTATION('',(#2482),#2486);
#2482 = LINE('',#2483,#2484);
#2483 = CARTESIAN_POINT('',(0.,0.));
#2484 = VECTOR('',#2485,1.);
#2485 = DIRECTION('',(1.,0.));
#2486 = ( GEOMETRIC_REPRESENTATION_CONTEXT(2) 
PARAMETRIC_REPRESENTATION_CONTEXT() REPRESENTATION_CONTEXT('2D SPACE',''
  ) );
#2487 = ORIENTED_EDGE('',*,*,#2488,.F.);
#2488 = EDGE_CURVE('',#2442,#2466,#2489,.T.);
#2489 = SURFACE_CURVE('',#2490,(#2494,#2500),.PCURVE_S1.);
#2490 = LINE('',#2491,#2492);
#2491 = CARTESIAN_POINT('',(-12.25,-70.,2.5));
#2492 = VECTOR('',#2493,1.);
#2493 = DIRECTION('',(-1.,-0.,0.));
#2494 = PCURVE('',#1010,#2495);
#2495 = DEFINITIONAL_REPRESENTATION('',(#2496),#2499);
#2496 = B_SPLINE_CURVE_WITH_KNOTS('',1,(#2497,#2498),.UNSPECIFIED.,.F.,
  .F.,(2,2),(-44.25,-37.75),.PIECEWISE_BEZIER_KNOTS.);
#2497 = CARTESIAN_POINT('',(4.5,6.5));
#2498 = CARTESIAN_POINT('',(4.5,0.));
#2499 = ( GEOMETRIC_REPRESENTATION_CONTEXT(2) 
PARAMETRIC_REPRESENTATION_CONTEXT() REPRESENTATION_CONTEXT('2D SPACE',''
  ) );
#2500 = PCURVE('',#1877,#2501);
#2501 = DEFINITIONAL_REPRESENTATION('',(#2502),#2505);
#2502 = B_SPLINE_CURVE_WITH_KNOTS('',1,(#2503,#2504),.UNSPECIFIED.,.F.,
  .F.,(2,2),(-44.25,-37.75),.PIECEWISE_BEZIER_KNOTS.);
#2503 = CARTESIAN_POINT('',(82.,5.));
#2504 = CARTESIAN_POINT('',(75.5,5.));
#2505 = ( GEOMETRIC_REPRESENTATION_CONTEXT(2) 
PARAMETRIC_REPRESENTATION_CONTEXT() REPRESENTATION_CONTEXT('2D SPACE',''
  ) );
#2506 = ADVANCED_FACE('',(#2507),#1086,.F.);
#2507 = FACE_BOUND('',#2508,.F.);
#2508 = EDGE_LOOP('',(#2509,#2510,#2511,#2534));
#2509 = ORIENTED_EDGE('',*,*,#2441,.F.);
#2510 = ORIENTED_EDGE('',*,*,#1073,.T.);
#2511 = ORIENTED_EDGE('',*,*,#2512,.T.);
#2512 = EDGE_CURVE('',#1048,#2513,#2515,.T.);
#2513 = VERTEX_POINT('',#2514);
#2514 = CARTESIAN_POINT('',(32.,-28.,2.5));
#2515 = SURFACE_CURVE('',#2516,(#2520,#2527),.PCURVE_S1.);
#2516 = LINE('',#2517,#2518);
#2517 = CARTESIAN_POINT('',(32.,-28.,-2.));
#2518 = VECTOR('',#2519,1.);
#2519 = DIRECTION('',(0.,0.,1.));
#2520 = PCURVE('',#1086,#2521);
#2521 = DEFINITIONAL_REPRESENTATION('',(#2522),#2526);
#2522 = LINE('',#2523,#2524);
#2523 = CARTESIAN_POINT('',(0.,-42.));
#2524 = VECTOR('',#2525,1.);
#2525 = DIRECTION('',(1.,0.));
#2526 = ( GEOMETRIC_REPRESENTATION_CONTEXT(2) 
PARAMETRIC_REPRESENTATION_CONTEXT() REPRESENTATION_CONTEXT('2D SPACE',''
  ) );
#2527 = PCURVE('',#1062,#2528);
#2528 = DEFINITIONAL_REPRESENTATION('',(#2529),#2533);
#2529 = LINE('',#2530,#2531);
#2530 = CARTESIAN_POINT('',(0.,6.5));
#2531 = VECTOR('',#2532,1.);
#2532 = DIRECTION('',(1.,0.));
#2533 = ( GEOMETRIC_REPRESENTATION_CONTEXT(2) 
PARAMETRIC_REPRESENTATION_CONTEXT() REPRESENTATION_CONTEXT('2D SPACE',''
  ) );
#2534 = ORIENTED_EDGE('',*,*,#2535,.F.);
#2535 = EDGE_CURVE('',#2442,#2513,#2536,.T.);
#2536 = SURFACE_CURVE('',#2537,(#2541,#2547),.PCURVE_S1.);
#2537 = LINE('',#2538,#2539);
#2538 = CARTESIAN_POINT('',(32.,-72.5,2.5));
#2539 = VECTOR('',#2540,1.);
#2540 = DIRECTION('',(-0.,1.,0.));
#2541 = PCURVE('',#1086,#2542);
#2542 = DEFINITIONAL_REPRESENTATION('',(#2543),#2546);
#2543 = B_SPLINE_CURVE_WITH_KNOTS('',1,(#2544,#2545),.UNSPECIFIED.,.F.,
  .F.,(2,2),(2.5,44.5),.PIECEWISE_BEZIER_KNOTS.);
#2544 = CARTESIAN_POINT('',(4.5,0.));
#2545 = CARTESIAN_POINT('',(4.5,-42.));
#2546 = ( GEOMETRIC_REPRESENTATION_CONTEXT(2) 
PARAMETRIC_REPRESENTATION_CONTEXT() REPRESENTATION_CONTEXT('2D SPACE',''
  ) );
#2547 = PCURVE('',#1877,#2548);
#2548 = DEFINITIONAL_REPRESENTATION('',(#2549),#2552);
#2549 = B_SPLINE_CURVE_WITH_KNOTS('',1,(#2550,#2551),.UNSPECIFIED.,.F.,
  .F.,(2,2),(2.5,44.5),.PIECEWISE_BEZIER_KNOTS.);
#2550 = CARTESIAN_POINT('',(82.,5.));
#2551 = CARTESIAN_POINT('',(82.,47.));
#2552 = ( GEOMETRIC_REPRESENTATION_CONTEXT(2) 
PARAMETRIC_REPRESENTATION_CONTEXT() REPRESENTATION_CONTEXT('2D SPACE',''
  ) );
#2553 = ADVANCED_FACE('',(#2554),#1036,.T.);
#2554 = FACE_BOUND('',#2555,.T.);
#2555 = EDGE_LOOP('',(#2556,#2557,#2558,#2581));
#2556 = ORIENTED_EDGE('',*,*,#2465,.F.);
#2557 = ORIENTED_EDGE('',*,*,#1021,.T.);
#2558 = ORIENTED_EDGE('',*,*,#2559,.T.);
#2559 = EDGE_CURVE('',#1022,#2560,#2562,.T.);
#2560 = VERTEX_POINT('',#2561);
#2561 = CARTESIAN_POINT('',(25.5,-28.,2.5));
#2562 = SURFACE_CURVE('',#2563,(#2567,#2574),.PCURVE_S1.);
#2563 = LINE('',#2564,#2565);
#2564 = CARTESIAN_POINT('',(25.5,-28.,-2.));
#2565 = VECTOR('',#2566,1.);
#2566 = DIRECTION('',(0.,0.,1.));
#2567 = PCURVE('',#1036,#2568);
#2568 = DEFINITIONAL_REPRESENTATION('',(#2569),#2573);
#2569 = LINE('',#2570,#2571);
#2570 = CARTESIAN_POINT('',(0.,-42.));
#2571 = VECTOR('',#2572,1.);
#2572 = DIRECTION('',(1.,0.));
#2573 = ( GEOMETRIC_REPRESENTATION_CONTEXT(2) 
PARAMETRIC_REPRESENTATION_CONTEXT() REPRESENTATION_CONTEXT('2D SPACE',''
  ) );
#2574 = PCURVE('',#1062,#2575);
#2575 = DEFINITIONAL_REPRESENTATION('',(#2576),#2580);
#2576 = LINE('',#2577,#2578);
#2577 = CARTESIAN_POINT('',(0.,0.));
#2578 = VECTOR('',#2579,1.);
#2579 = DIRECTION('',(1.,0.));
#2580 = ( GEOMETRIC_REPRESENTATION_CONTEXT(2) 
PARAMETRIC_REPRESENTATION_CONTEXT() REPRESENTATION_CONTEXT('2D SPACE',''
  ) );
#2581 = ORIENTED_EDGE('',*,*,#2582,.F.);
#2582 = EDGE_CURVE('',#2466,#2560,#2583,.T.);
#2583 = SURFACE_CURVE('',#2584,(#2588,#2594),.PCURVE_S1.);
#2584 = LINE('',#2585,#2586);
#2585 = CARTESIAN_POINT('',(25.5,-72.5,2.5));
#2586 = VECTOR('',#2587,1.);
#2587 = DIRECTION('',(-0.,1.,0.));
#2588 = PCURVE('',#1036,#2589);
#2589 = DEFINITIONAL_REPRESENTATION('',(#2590),#2593);
#2590 = B_SPLINE_CURVE_WITH_KNOTS('',1,(#2591,#2592),.UNSPECIFIED.,.F.,
  .F.,(2,2),(2.5,44.5),.PIECEWISE_BEZIER_KNOTS.);
#2591 = CARTESIAN_POINT('',(4.5,0.));
#2592 = CARTESIAN_POINT('',(4.5,-42.));
#2593 = ( GEOMETRIC_REPRESENTATION_CONTEXT(2) 
PARAMETRIC_REPRESENTATION_CONTEXT() REPRESENTATION_CONTEXT('2D SPACE',''
  ) );
#2594 = PCURVE('',#1877,#2595);
#2595 = DEFINITIONAL_REPRESENTATION('',(#2596),#2599);
#2596 = B_SPLINE_CURVE_WITH_KNOTS('',1,(#2597,#2598),.UNSPECIFIED.,.F.,
  .F.,(2,2),(2.5,44.5),.PIECEWISE_BEZIER_KNOTS.);
#2597 = CARTESIAN_POINT('',(75.5,5.));
#2598 = CARTESIAN_POINT('',(75.5,47.));
#2599 = ( GEOMETRIC_REPRESENTATION_CONTEXT(2) 
PARAMETRIC_REPRESENTATION_CONTEXT() REPRESENTATION_CONTEXT('2D SPACE',''
  ) );
#2600 = ADVANCED_FACE('',(#2601),#1062,.F.);
#2601 = FACE_BOUND('',#2602,.F.);
#2602 = EDGE_LOOP('',(#2603,#2604,#2605,#2606));
#2603 = ORIENTED_EDGE('',*,*,#2512,.F.);
#2604 = ORIENTED_EDGE('',*,*,#1047,.T.);
#2605 = ORIENTED_EDGE('',*,*,#2559,.T.);
#2606 = ORIENTED_EDGE('',*,*,#2607,.F.);
#2607 = EDGE_CURVE('',#2513,#2560,#2608,.T.);
#2608 = SURFACE_CURVE('',#2609,(#2613,#2619),.PCURVE_S1.);
#2609 = LINE('',#2610,#2611);
#2610 = CARTESIAN_POINT('',(-12.25,-28.,2.5));
#2611 = VECTOR('',#2612,1.);
#2612 = DIRECTION('',(-1.,-0.,0.));
#2613 = PCURVE('',#1062,#2614);
#2614 = DEFINITIONAL_REPRESENTATION('',(#2615),#2618);
#2615 = B_SPLINE_CURVE_WITH_KNOTS('',1,(#2616,#2617),.UNSPECIFIED.,.F.,
  .F.,(2,2),(-44.25,-37.75),.PIECEWISE_BEZIER_KNOTS.);
#2616 = CARTESIAN_POINT('',(4.5,6.5));
#2617 = CARTESIAN_POINT('',(4.5,0.));
#2618 = ( GEOMETRIC_REPRESENTATION_CONTEXT(2) 
PARAMETRIC_REPRESENTATION_CONTEXT() REPRESENTATION_CONTEXT('2D SPACE',''
  ) );
#2619 = PCURVE('',#1877,#2620);
#2620 = DEFINITIONAL_REPRESENTATION('',(#2621),#2624);
#2621 = B_SPLINE_CURVE_WITH_KNOTS('',1,(#2622,#2623),.UNSPECIFIED.,.F.,
  .F.,(2,2),(-44.25,-37.75),.PIECEWISE_BEZIER_KNOTS.);
#2622 = CARTESIAN_POINT('',(82.,47.));
#2623 = CARTESIAN_POINT('',(75.5,47.));
#2624 = ( GEOMETRIC_REPRESENTATION_CONTEXT(2) 
PARAMETRIC_REPRESENTATION_CONTEXT() REPRESENTATION_CONTEXT('2D SPACE',''
  ) );
#2625 = ADVANCED_FACE('',(#2626),#1523,.F.);
#2626 = FACE_BOUND('',#2627,.F.);
#2627 = EDGE_LOOP('',(#2628,#2629,#2650,#2651));
#2628 = ORIENTED_EDGE('',*,*,#1502,.F.);
#2629 = ORIENTED_EDGE('',*,*,#2630,.F.);
#2630 = EDGE_CURVE('',#1914,#1503,#2631,.T.);
#2631 = SEAM_CURVE('',#2632,(#2636,#2643),.PCURVE_S1.);
#2632 = LINE('',#2633,#2634);
#2633 = CARTESIAN_POINT('',(10.5,-73.,23.5));
#2634 = VECTOR('',#2635,1.);
#2635 = DIRECTION('',(0.,-1.,0.));
#2636 = PCURVE('',#1523,#2637);
#2637 = DEFINITIONAL_REPRESENTATION('',(#2638),#2642);
#2638 = LINE('',#2639,#2640);
#2639 = CARTESIAN_POINT('',(6.28318530718,-0.));
#2640 = VECTOR('',#2641,1.);
#2641 = DIRECTION('',(0.,1.));
#2642 = ( GEOMETRIC_REPRESENTATION_CONTEXT(2) 
PARAMETRIC_REPRESENTATION_CONTEXT() REPRESENTATION_CONTEXT('2D SPACE',''
  ) );
#2643 = PCURVE('',#1523,#2644);
#2644 = DEFINITIONAL_REPRESENTATION('',(#2645),#2649);
#2645 = LINE('',#2646,#2647);
#2646 = CARTESIAN_POINT('',(0.,-0.));
#2647 = VECTOR('',#2648,1.);
#2648 = DIRECTION('',(0.,1.));
#2649 = ( GEOMETRIC_REPRESENTATION_CONTEXT(2) 
PARAMETRIC_REPRESENTATION_CONTEXT() REPRESENTATION_CONTEXT('2D SPACE',''
  ) );
#2650 = ORIENTED_EDGE('',*,*,#1913,.T.);
#2651 = ORIENTED_EDGE('',*,*,#2630,.T.);
#2652 = ADVANCED_FACE('',(#2653),#1642,.T.);
#2653 = FACE_BOUND('',#2654,.T.);
#2654 = EDGE_LOOP('',(#2655,#2676,#2677,#2698));
#2655 = ORIENTED_EDGE('',*,*,#2656,.F.);
#2656 = EDGE_CURVE('',#1993,#1626,#2657,.T.);
#2657 = SURFACE_CURVE('',#2658,(#2662,#2669),.PCURVE_S1.);
#2658 = LINE('',#2659,#2660);
#2659 = CARTESIAN_POINT('',(48.,57.,37.9));
#2660 = VECTOR('',#2661,1.);
#2661 = DIRECTION('',(1.,0.,-0.));
#2662 = PCURVE('',#1642,#2663);
#2663 = DEFINITIONAL_REPRESENTATION('',(#2664),#2668);
#2664 = LINE('',#2665,#2666);
#2665 = CARTESIAN_POINT('',(0.,14.));
#2666 = VECTOR('',#2667,1.);
#2667 = DIRECTION('',(1.,0.));
#2668 = ( GEOMETRIC_REPRESENTATION_CONTEXT(2) 
PARAMETRIC_REPRESENTATION_CONTEXT() REPRESENTATION_CONTEXT('2D SPACE',''
  ) );
#2669 = PCURVE('',#1718,#2670);
#2670 = DEFINITIONAL_REPRESENTATION('',(#2671),#2675);
#2671 = LINE('',#2672,#2673);
#2672 = CARTESIAN_POINT('',(0.,0.));
#2673 = VECTOR('',#2674,1.);
#2674 = DIRECTION('',(0.,1.));
#2675 = ( GEOMETRIC_REPRESENTATION_CONTEXT(2) 
PARAMETRIC_REPRESENTATION_CONTEXT() REPRESENTATION_CONTEXT('2D SPACE',''
  ) );
#2676 = ORIENTED_EDGE('',*,*,#1992,.T.);
#2677 = ORIENTED_EDGE('',*,*,#2678,.T.);
#2678 = EDGE_CURVE('',#1995,#1628,#2679,.T.);
#2679 = SURFACE_CURVE('',#2680,(#2684,#2691),.PCURVE_S1.);
#2680 = LINE('',#2681,#2682);
#2681 = CARTESIAN_POINT('',(48.,43.,37.9));
#2682 = VECTOR('',#2683,1.);
#2683 = DIRECTION('',(1.,0.,-0.));
#2684 = PCURVE('',#1642,#2685);
#2685 = DEFINITIONAL_REPRESENTATION('',(#2686),#2690);
#2686 = LINE('',#2687,#2688);
#2687 = CARTESIAN_POINT('',(0.,0.));
#2688 = VECTOR('',#2689,1.);
#2689 = DIRECTION('',(1.,0.));
#2690 = ( GEOMETRIC_REPRESENTATION_CONTEXT(2) 
PARAMETRIC_REPRESENTATION_CONTEXT() REPRESENTATION_CONTEXT('2D SPACE',''
  ) );
#2691 = PCURVE('',#1668,#2692);
#2692 = DEFINITIONAL_REPRESENTATION('',(#2693),#2697);
#2693 = LINE('',#2694,#2695);
#2694 = CARTESIAN_POINT('',(0.,0.));
#2695 = VECTOR('',#2696,1.);
#2696 = DIRECTION('',(0.,1.));
#2697 = ( GEOMETRIC_REPRESENTATION_CONTEXT(2) 
PARAMETRIC_REPRESENTATION_CONTEXT() REPRESENTATION_CONTEXT('2D SPACE',''
  ) );
#2698 = ORIENTED_EDGE('',*,*,#1625,.F.);
#2699 = ADVANCED_FACE('',(#2700),#1718,.F.);
#2700 = FACE_BOUND('',#2701,.F.);
#2701 = EDGE_LOOP('',(#2702,#2703,#2704,#2725));
#2702 = ORIENTED_EDGE('',*,*,#2656,.F.);
#2703 = ORIENTED_EDGE('',*,*,#2057,.T.);
#2704 = ORIENTED_EDGE('',*,*,#2705,.T.);
#2705 = EDGE_CURVE('',#2037,#1680,#2706,.T.);
#2706 = SURFACE_CURVE('',#2707,(#2711,#2718),.PCURVE_S1.);
#2707 = LINE('',#2708,#2709);
#2708 = CARTESIAN_POINT('',(48.,57.,41.1));
#2709 = VECTOR('',#2710,1.);
#2710 = DIRECTION('',(1.,0.,-0.));
#2711 = PCURVE('',#1718,#2712);
#2712 = DEFINITIONAL_REPRESENTATION('',(#2713),#2717);
#2713 = LINE('',#2714,#2715);
#2714 = CARTESIAN_POINT('',(3.2,0.));
#2715 = VECTOR('',#2716,1.);
#2716 = DIRECTION('',(0.,1.));
#2717 = ( GEOMETRIC_REPRESENTATION_CONTEXT(2) 
PARAMETRIC_REPRESENTATION_CONTEXT() REPRESENTATION_CONTEXT('2D SPACE',''
  ) );
#2718 = PCURVE('',#1694,#2719);
#2719 = DEFINITIONAL_REPRESENTATION('',(#2720),#2724);
#2720 = LINE('',#2721,#2722);
#2721 = CARTESIAN_POINT('',(0.,14.));
#2722 = VECTOR('',#2723,1.);
#2723 = DIRECTION('',(1.,0.));
#2724 = ( GEOMETRIC_REPRESENTATION_CONTEXT(2) 
PARAMETRIC_REPRESENTATION_CONTEXT() REPRESENTATION_CONTEXT('2D SPACE',''
  ) );
#2725 = ORIENTED_EDGE('',*,*,#1705,.F.);
#2726 = ADVANCED_FACE('',(#2727),#1668,.T.);
#2727 = FACE_BOUND('',#2728,.T.);
#2728 = EDGE_LOOP('',(#2729,#2730,#2731,#2752));
#2729 = ORIENTED_EDGE('',*,*,#2678,.F.);
#2730 = ORIENTED_EDGE('',*,*,#2015,.T.);
#2731 = ORIENTED_EDGE('',*,*,#2732,.T.);
#2732 = EDGE_CURVE('',#2016,#1654,#2733,.T.);
#2733 = SURFACE_CURVE('',#2734,(#2738,#2745),.PCURVE_S1.);
#2734 = LINE('',#2735,#2736);
#2735 = CARTESIAN_POINT('',(48.,43.,41.1));
#2736 = VECTOR('',#2737,1.);
#2737 = DIRECTION('',(1.,0.,-0.));
#2738 = PCURVE('',#1668,#2739);
#2739 = DEFINITIONAL_REPRESENTATION('',(#2740),#2744);
#2740 = LINE('',#2741,#2742);
#2741 = CARTESIAN_POINT('',(3.2,0.));
#2742 = VECTOR('',#2743,1.);
#2743 = DIRECTION('',(0.,1.));
#2744 = ( GEOMETRIC_REPRESENTATION_CONTEXT(2) 
PARAMETRIC_REPRESENTATION_CONTEXT() REPRESENTATION_CONTEXT('2D SPACE',''
  ) );
#2745 = PCURVE('',#1694,#2746);
#2746 = DEFINITIONAL_REPRESENTATION('',(#2747),#2751);
#2747 = LINE('',#2748,#2749);
#2748 = CARTESIAN_POINT('',(0.,0.));
#2749 = VECTOR('',#2750,1.);
#2750 = DIRECTION('',(1.,0.));
#2751 = ( GEOMETRIC_REPRESENTATION_CONTEXT(2) 
PARAMETRIC_REPRESENTATION_CONTEXT() REPRESENTATION_CONTEXT('2D SPACE',''
  ) );
#2752 = ORIENTED_EDGE('',*,*,#1653,.F.);
#2753 = ADVANCED_FACE('',(#2754),#1694,.F.);
#2754 = FACE_BOUND('',#2755,.F.);
#2755 = EDGE_LOOP('',(#2756,#2757,#2758,#2759));
#2756 = ORIENTED_EDGE('',*,*,#2705,.F.);
#2757 = ORIENTED_EDGE('',*,*,#2036,.T.);
#2758 = ORIENTED_EDGE('',*,*,#2732,.T.);
#2759 = ORIENTED_EDGE('',*,*,#1679,.F.);
#2760 = ADVANCED_FACE('',(#2761),#1748,.T.);
#2761 = FACE_BOUND('',#2762,.T.);
#2762 = EDGE_LOOP('',(#2763,#2784,#2785,#2806));
#2763 = ORIENTED_EDGE('',*,*,#2764,.F.);
#2764 = EDGE_CURVE('',#2079,#1732,#2765,.T.);
#2765 = SURFACE_CURVE('',#2766,(#2770,#2777),.PCURVE_S1.);
#2766 = LINE('',#2767,#2768);
#2767 = CARTESIAN_POINT('',(48.,-43.,37.9));
#2768 = VECTOR('',#2769,1.);
#2769 = DIRECTION('',(1.,0.,-0.));
#2770 = PCURVE('',#1748,#2771);
#2771 = DEFINITIONAL_REPRESENTATION('',(#2772),#2776);
#2772 = LINE('',#2773,#2774);
#2773 = CARTESIAN_POINT('',(0.,14.));
#2774 = VECTOR('',#2775,1.);
#2775 = DIRECTION('',(1.,0.));
#2776 = ( GEOMETRIC_REPRESENTATION_CONTEXT(2) 
PARAMETRIC_REPRESENTATION_CONTEXT() REPRESENTATION_CONTEXT('2D SPACE',''
  ) );
#2777 = PCURVE('',#1824,#2778);
#2778 = DEFINITIONAL_REPRESENTATION('',(#2779),#2783);
#2779 = LINE('',#2780,#2781);
#2780 = CARTESIAN_POINT('',(0.,0.));
#2781 = VECTOR('',#2782,1.);
#2782 = DIRECTION('',(0.,1.));
#2783 = ( GEOMETRIC_REPRESENTATION_CONTEXT(2) 
PARAMETRIC_REPRESENTATION_CONTEXT() REPRESENTATION_CONTEXT('2D SPACE',''
  ) );
#2784 = ORIENTED_EDGE('',*,*,#2078,.T.);
#2785 = ORIENTED_EDGE('',*,*,#2786,.T.);
#2786 = EDGE_CURVE('',#2081,#1734,#2787,.T.);
#2787 = SURFACE_CURVE('',#2788,(#2792,#2799),.PCURVE_S1.);
#2788 = LINE('',#2789,#2790);
#2789 = CARTESIAN_POINT('',(48.,-57.,37.9));
#2790 = VECTOR('',#2791,1.);
#2791 = DIRECTION('',(1.,0.,-0.));
#2792 = PCURVE('',#1748,#2793);
#2793 = DEFINITIONAL_REPRESENTATION('',(#2794),#2798);
#2794 = LINE('',#2795,#2796);
#2795 = CARTESIAN_POINT('',(0.,0.));
#2796 = VECTOR('',#2797,1.);
#2797 = DIRECTION('',(1.,0.));
#2798 = ( GEOMETRIC_REPRESENTATION_CONTEXT(2) 
PARAMETRIC_REPRESENTATION_CONTEXT() REPRESENTATION_CONTEXT('2D SPACE',''
  ) );
#2799 = PCURVE('',#1774,#2800);
#2800 = DEFINITIONAL_REPRESENTATION('',(#2801),#2805);
#2801 = LINE('',#2802,#2803);
#2802 = CARTESIAN_POINT('',(0.,0.));
#2803 = VECTOR('',#2804,1.);
#2804 = DIRECTION('',(0.,1.));
#2805 = ( GEOMETRIC_REPRESENTATION_CONTEXT(2) 
PARAMETRIC_REPRESENTATION_CONTEXT() REPRESENTATION_CONTEXT('2D SPACE',''
  ) );
#2806 = ORIENTED_EDGE('',*,*,#1731,.F.);
#2807 = ADVANCED_FACE('',(#2808),#1824,.F.);
#2808 = FACE_BOUND('',#2809,.F.);
#2809 = EDGE_LOOP('',(#2810,#2811,#2812,#2833));
#2810 = ORIENTED_EDGE('',*,*,#2764,.F.);
#2811 = ORIENTED_EDGE('',*,*,#2143,.T.);
#2812 = ORIENTED_EDGE('',*,*,#2813,.T.);
#2813 = EDGE_CURVE('',#2123,#1786,#2814,.T.);
#2814 = SURFACE_CURVE('',#2815,(#2819,#2826),.PCURVE_S1.);
#2815 = LINE('',#2816,#2817);
#2816 = CARTESIAN_POINT('',(48.,-43.,41.1));
#2817 = VECTOR('',#2818,1.);
#2818 = DIRECTION('',(1.,0.,-0.));
#2819 = PCURVE('',#1824,#2820);
#2820 = DEFINITIONAL_REPRESENTATION('',(#2821),#2825);
#2821 = LINE('',#2822,#2823);
#2822 = CARTESIAN_POINT('',(3.2,0.));
#2823 = VECTOR('',#2824,1.);
#2824 = DIRECTION('',(0.,1.));
#2825 = ( GEOMETRIC_REPRESENTATION_CONTEXT(2) 
PARAMETRIC_REPRESENTATION_CONTEXT() REPRESENTATION_CONTEXT('2D SPACE',''
  ) );
#2826 = PCURVE('',#1800,#2827);
#2827 = DEFINITIONAL_REPRESENTATION('',(#2828),#2832);
#2828 = LINE('',#2829,#2830);
#2829 = CARTESIAN_POINT('',(0.,14.));
#2830 = VECTOR('',#2831,1.);
#2831 = DIRECTION('',(1.,0.));
#2832 = ( GEOMETRIC_REPRESENTATION_CONTEXT(2) 
PARAMETRIC_REPRESENTATION_CONTEXT() REPRESENTATION_CONTEXT('2D SPACE',''
  ) );
#2833 = ORIENTED_EDGE('',*,*,#1811,.F.);
#2834 = ADVANCED_FACE('',(#2835),#1800,.F.);
#2835 = FACE_BOUND('',#2836,.F.);
#2836 = EDGE_LOOP('',(#2837,#2838,#2839,#2860));
#2837 = ORIENTED_EDGE('',*,*,#2813,.F.);
#2838 = ORIENTED_EDGE('',*,*,#2122,.T.);
#2839 = ORIENTED_EDGE('',*,*,#2840,.T.);
#2840 = EDGE_CURVE('',#2102,#1760,#2841,.T.);
#2841 = SURFACE_CURVE('',#2842,(#2846,#2853),.PCURVE_S1.);
#2842 = LINE('',#2843,#2844);
#2843 = CARTESIAN_POINT('',(48.,-57.,41.1));
#2844 = VECTOR('',#2845,1.);
#2845 = DIRECTION('',(1.,0.,-0.));
#2846 = PCURVE('',#1800,#2847);
#2847 = DEFINITIONAL_REPRESENTATION('',(#2848),#2852);
#2848 = LINE('',#2849,#2850);
#2849 = CARTESIAN_POINT('',(0.,0.));
#2850 = VECTOR('',#2851,1.);
#2851 = DIRECTION('',(1.,0.));
#2852 = ( GEOMETRIC_REPRESENTATION_CONTEXT(2) 
PARAMETRIC_REPRESENTATION_CONTEXT() REPRESENTATION_CONTEXT('2D SPACE',''
  ) );
#2853 = PCURVE('',#1774,#2854);
#2854 = DEFINITIONAL_REPRESENTATION('',(#2855),#2859);
#2855 = LINE('',#2856,#2857);
#2856 = CARTESIAN_POINT('',(3.2,0.));
#2857 = VECTOR('',#2858,1.);
#2858 = DIRECTION('',(0.,1.));
#2859 = ( GEOMETRIC_REPRESENTATION_CONTEXT(2) 
PARAMETRIC_REPRESENTATION_CONTEXT() REPRESENTATION_CONTEXT('2D SPACE',''
  ) );
#2860 = ORIENTED_EDGE('',*,*,#1785,.F.);
#2861 = ADVANCED_FACE('',(#2862),#1774,.T.);
#2862 = FACE_BOUND('',#2863,.T.);
#2863 = EDGE_LOOP('',(#2864,#2865,#2866,#2867));
#2864 = ORIENTED_EDGE('',*,*,#2786,.F.);
#2865 = ORIENTED_EDGE('',*,*,#2101,.T.);
#2866 = ORIENTED_EDGE('',*,*,#2840,.T.);
#2867 = ORIENTED_EDGE('',*,*,#1759,.F.);
#2868 = ADVANCED_FACE('',(#2869,#2875,#2881),#1877,.T.);
#2869 = FACE_BOUND('',#2870,.T.);
#2870 = EDGE_LOOP('',(#2871,#2872,#2873,#2874));
#2871 = ORIENTED_EDGE('',*,*,#2215,.F.);
#2872 = ORIENTED_EDGE('',*,*,#1861,.T.);
#2873 = ORIENTED_EDGE('',*,*,#1945,.T.);
#2874 = ORIENTED_EDGE('',*,*,#2166,.F.);
#2875 = FACE_BOUND('',#2876,.T.);
#2876 = EDGE_LOOP('',(#2877,#2878,#2879,#2880));
#2877 = ORIENTED_EDGE('',*,*,#2300,.F.);
#2878 = ORIENTED_EDGE('',*,*,#2419,.F.);
#2879 = ORIENTED_EDGE('',*,*,#2394,.T.);
#2880 = ORIENTED_EDGE('',*,*,#2347,.T.);
#2881 = FACE_BOUND('',#2882,.T.);
#2882 = EDGE_LOOP('',(#2883,#2884,#2885,#2886));
#2883 = ORIENTED_EDGE('',*,*,#2488,.T.);
#2884 = ORIENTED_EDGE('',*,*,#2582,.T.);
#2885 = ORIENTED_EDGE('',*,*,#2607,.F.);
#2886 = ORIENTED_EDGE('',*,*,#2535,.F.);
#2887 = ( GEOMETRIC_REPRESENTATION_CONTEXT(3) 
GLOBAL_UNCERTAINTY_ASSIGNED_CONTEXT((#2891)) 
GLOBAL_UNIT_ASSIGNED_CONTEXT((#2888,#2889,#2890)) REPRESENTATION_CONTEXT
('Context #1','3D Context with UNIT and UNCERTAINTY') );
#2888 = ( LENGTH_UNIT() NAMED_UNIT(*) SI_UNIT(.MILLI.,.METRE.) );
#2889 = ( NAMED_UNIT(*) PLANE_ANGLE_UNIT() SI_UNIT($,.RADIAN.) );
#2890 = ( NAMED_UNIT(*) SI_UNIT($,.STERADIAN.) SOLID_ANGLE_UNIT() );
#2891 = UNCERTAINTY_MEASURE_WITH_UNIT(LENGTH_MEASURE(1.E-07),#2888,
  'distance_accuracy_value','confusion accuracy');
#2892 = PRODUCT_RELATED_PRODUCT_CATEGORY('part',$,(#7));
ENDSEC;
END-ISO-10303-21;
